0.8205,1.1455,1.1455,1.1455,1.0172,1.2086,1.0817,1.1455,1.0172,1.0817,1.0817,1.0817,1.1455,1.0172,0.9522,1.1455,1.1455,1.0172,1.0817,1.2711
0.9613,1.1455,1.1455,1.1455,1.0172,1.2086,1.0817,1.1455,1.0817,1.0817,1.0817,1.1455,1.1455,1.0172,0.9795,1.1455,1.1455,1.0172,1.0817,1.2711
0.9709,1.1455,1.1455,1.1455,1.0172,1.2086,1.0817,1.1455,1.0817,1.0817,1.1455,1.1455,1.1455,1.0172,0.9795,1.1455,1.2086,1.0172,1.0817,1.2711
0.9709,1.1455,1.1455,1.1455,1.0172,1.2086,1.0817,1.1455,1.0817,1.0817,1.1455,1.1455,1.1455,1.0172,0.9795,1.1455,1.2086,1.0817,1.0817,1.2711
0.9709,1.1455,1.1455,1.1455,1.0172,1.2086,1.0817,1.1455,1.0817,1.0817,1.1455,1.1455,1.1455,1.0172,0.9795,1.1455,1.2086,1.0817,1.0817,1.2711
0.9709,1.1455,1.1455,1.1455,1.0172,1.2086,1.0817,1.1455,1.0817,1.0817,1.1455,1.1455,1.1455,1.0172,0.9795,1.1455,1.2086,1.0817,1.0817,1.2711
0.9709,1.1455,1.1455,1.2086,1.0172,1.2086,1.0817,1.1455,1.0817,1.0817,1.1455,1.1455,1.2086,1.0172,0.9795,1.1455,1.2086,1.0817,1.0817,1.2711
0.9709,1.1455,1.1455,1.2086,1.0172,1.2086,1.0817,1.1455,1.0817,1.0817,1.1455,1.1455,1.2086,1.0172,1.0172,1.1455,1.2086,1.0817,1.0817,1.2711
0.9709,1.1455,1.1455,1.2086,1.0172,1.2086,1.1455,1.1455,1.0817,1.1455,1.1455,1.1455,1.2086,1.0172,1.0817,1.1455,1.2086,1.0817,1.1455,1.2711
0.9709,1.1455,1.1455,1.2086,1.0172,1.2086,1.1455,1.1455,1.0817,1.1455,1.1455,1.1455,1.2086,1.0817,1.0817,1.1455,1.2086,1.0817,1.1455,1.2711
0.9709,1.1455,1.1455,1.2086,1.0172,1.2086,1.1455,1.1455,1.0817,1.1455,1.1455,1.1455,1.2086,1.0817,1.0817,1.1455,1.2086,1.0817,1.1455,1.2711
0.9709,1.1455,1.1455,1.2086,1.0172,1.2086,1.1455,1.1455,1.0817,1.1455,1.1455,1.1455,1.2086,1.0817,1.1455,1.1455,1.2086,1.0817,1.1455,1.2711
0.9709,1.1455,1.1455,1.2086,1.0172,1.2086,1.1455,1.1455,1.0817,1.1455,1.1455,1.1455,1.2086,1.0817,1.1455,1.2086,1.2086,1.0817,1.1455,1.2711
0.9795,1.1455,1.1455,1.2086,1.0172,1.2086,1.1455,1.1455,1.0817,1.1455,1.1455,1.1455,1.2086,1.0817,1.1455,1.2711,1.2711,1.0817,1.1455,1.2711
0.9795,1.1455,1.1455,1.2086,1.0172,1.2086,1.1455,1.1455,1.0817,1.1455,1.1455,1.1455,1.2086,1.1455,1.1455,1.2711,1.2711,1.0817,1.1455,1.2711
0.9795,1.2086,1.1455,1.2086,1.0172,1.2086,1.1455,1.1455,1.0817,1.1455,1.1455,1.1455,1.2086,1.1455,1.1455,1.2711,1.2711,1.0817,1.1455,1.2711
0.9795,1.2086,1.1455,1.2086,1.0172,1.2086,1.1455,1.1455,1.0817,1.1455,1.1455,1.1455,1.2086,1.1455,1.1455,1.2711,1.2711,1.0817,1.1455,1.2711
0.9795,1.2086,1.1455,1.2086,1.0172,1.2086,1.1455,1.1455,1.1455,1.1455,1.1455,1.1455,1.2086,1.1455,1.1455,1.2711,1.2711,1.0817,1.1455,1.2711
0.9795,1.2086,1.1455,1.2086,1.0172,1.2086,1.1455,1.1455,1.1455,1.1455,1.1455,1.1455,1.2086,1.1455,1.1455,1.2711,1.2711,1.0817,1.1455,1.2711
0.9795,1.2086,1.1455,1.2086,1.0172,1.2086,1.1455,1.1455,1.2086,1.1455,1.1455,1.1455,1.2086,1.1455,1.1455,1.2711,1.2711,1.0817,1.1455,1.2711
0.9795,1.2086,1.1455,1.2086,1.0172,1.2086,1.1455,1.2086,1.2711,1.2086,1.1455,1.1455,1.2086,1.1455,1.1455,1.2711,1.2711,1.0817,1.1455,1.2711
0.9795,1.2086,1.1455,1.2086,1.0172,1.2086,1.1455,1.2086,1.2711,1.2086,1.2086,1.1455,1.2086,1.1455,1.2086,1.2711,1.2711,1.1455,1.1455,1.2711
0.9795,1.2086,1.1455,1.2086,1.0172,1.2086,1.1455,1.2086,1.2711,1.2086,1.2086,1.1455,1.2086,1.2086,1.2086,1.2711,1.2711,1.1455,1.1455,1.2711
0.9795,1.2086,1.1455,1.2086,1.0172,1.2086,1.1455,1.2086,1.2711,1.2086,1.2086,1.1455,1.2086,1.2086,1.2086,1.2711,1.2711,1.1455,1.1455,1.2711
0.9795,1.2086,1.1455,1.2086,1.0817,1.2086,1.1455,1.2086,1.2711,1.2086,1.2086,1.1455,1.3328,1.2711,1.2086,1.2711,1.2711,1.1455,1.1455,1.2711
0.9795,1.2711,1.1455,1.2086,1.0817,1.2086,1.1455,1.2086,1.2711,1.2086,1.2086,1.1455,1.3328,1.2711,1.2086,1.2711,1.2711,1.1455,1.1455,1.2711
0.9795,1.2711,1.1455,1.2086,1.1455,1.2086,1.1455,1.2086,1.2711,1.2086,1.2086,1.1455,1.3328,1.2711,1.2711,1.2711,1.2711,1.1455,1.1455,1.2711
0.9795,1.2711,1.1455,1.2711,1.1455,1.2086,1.1455,1.2086,1.2711,1.2086,1.2086,1.1455,1.3328,1.2711,1.2711,1.2711,1.2711,1.1455,1.1455,1.2711
0.9795,1.2711,1.1455,1.2711,1.2086,1.2086,1.2086,1.2086,1.2711,1.2086,1.2086,1.1455,1.3328,1.2711,1.2711,1.2711,1.2711,1.2086,1.1455,1.2711
0.9795,1.2711,1.1455,1.2711,1.2086,1.2086,1.2086,1.2086,1.2711,1.2086,1.2086,1.1455,1.3328,1.2711,1.2711,1.2711,1.2711,1.2086,1.1455,1.2711
1.0172,1.2711,1.1455,1.2711,1.2086,1.2086,1.2086,1.2086,1.2711,1.2086,1.2086,1.1455,1.3328,1.2711,1.2711,1.2711,1.2711,1.2086,1.1455,1.2711
1.0172,1.2711,1.1455,1.2711,1.2086,1.2086,1.2086,1.2086,1.2711,1.2086,1.2086,1.1455,1.3328,1.2711,1.2711,1.2711,1.2711,1.2086,1.1455,1.2711
1.0817,1.2711,1.1455,1.2711,1.2086,1.2711,1.2086,1.2086,1.2711,1.2086,1.2086,1.1455,1.3328,1.2711,1.2711,1.2711,1.2711,1.2086,1.1455,1.2711
1.1455,1.2711,1.1455,1.2711,1.2086,1.2711,1.2086,1.2086,1.2711,1.2086,1.2711,1.1455,1.3328,1.2711,1.2711,1.2711,1.2711,1.2086,1.1455,1.2711
1.1455,1.2711,1.1455,1.2711,1.2086,1.2711,1.2086,1.2086,1.2711,1.2086,1.2711,1.1455,1.3328,1.2711,1.2711,1.2711,1.2711,1.2086,1.1455,1.2711
1.1455,1.2711,1.1455,1.2711,1.2086,1.2711,1.2086,1.2086,1.2711,1.2086,1.2711,1.1455,1.3328,1.2711,1.2711,1.2711,1.2711,1.2086,1.1455,1.2711
1.1455,1.2711,1.1455,1.2711,1.2086,1.2711,1.2086,1.2086,1.2711,1.2086,1.2711,1.1455,1.3328,1.2711,1.2711,1.2711,1.2711,1.2086,1.2086,1.2711
1.1455,1.2711,1.1455,1.2711,1.2086,1.2711,1.2086,1.2086,1.2711,1.2086,1.2711,1.2086,1.3328,1.2711,1.2711,1.2711,1.2711,1.2086,1.2086,1.2711
1.2086,1.2711,1.1455,1.2711,1.2086,1.2711,1.2086,1.2086,1.2711,1.2086,1.3328,1.2086,1.3328,1.2711,1.2711,1.2711,1.2711,1.2086,1.2711,1.2711
1.2086,1.3328,1.1455,1.2711,1.2086,1.2711,1.2086,1.2086,1.2711,1.2086,1.3328,1.2086,1.3328,1.2711,1.2711,1.2711,1.2711,1.2086,1.2711,1.2711
1.2086,1.3328,1.1455,1.2711,1.2086,1.2711,1.2086,1.2086,1.2711,1.2086,1.3328,1.2086,1.3328,1.2711,1.2711,1.2711,1.2711,1.2086,1.2711,1.2711
1.2086,1.3328,1.1455,1.3328,1.2711,1.2711,1.2086,1.2086,1.2711,1.2086,1.3328,1.2086,1.3328,1.2711,1.2711,1.2711,1.2711,1.2086,1.2711,1.2711
1.2086,1.3328,1.1455,1.3328,1.2711,1.2711,1.2086,1.2086,1.2711,1.2086,1.3328,1.2711,1.3328,1.2711,1.2711,1.3328,1.2711,1.2086,1.2711,1.2711
1.2086,1.3328,1.1455,1.3328,1.2711,1.2711,1.2086,1.2086,1.2711,1.2086,1.3328,1.2711,1.3328,1.2711,1.2711,1.3328,1.2711,1.2086,1.2711,1.2711
1.2086,1.3328,1.1455,1.3328,1.2711,1.2711,1.2086,1.2086,1.2711,1.2086,1.3328,1.2711,1.3328,1.2711,1.2711,1.3328,1.2711,1.2086,1.2711,1.2711
1.2086,1.3328,1.1455,1.3328,1.2711,1.2711,1.2086,1.2086,1.2711,1.2086,1.3328,1.2711,1.3328,1.2711,1.2711,1.3328,1.2711,1.2086,1.2711,1.2711
1.2086,1.3328,1.1455,1.3328,1.2711,1.2711,1.2086,1.2086,1.2711,1.2086,1.3328,1.2711,1.3328,1.2711,1.2711,1.3328,1.2711,1.2086,1.2711,1.2711
1.2086,1.3328,1.1455,1.3328,1.2711,1.2711,1.2086,1.2086,1.2711,1.2086,1.3328,1.2711,1.3328,1.2711,1.2711,1.3328,1.2711,1.2086,1.2711,1.2711
1.2086,1.3328,1.1455,1.3328,1.2711,1.2711,1.2086,1.2086,1.2711,1.2711,1.3328,1.2711,1.3328,1.2711,1.2711,1.3328,1.2711,1.2086,1.2711,1.2711
1.2086,1.3328,1.1455,1.3328,1.2711,1.2711,1.2086,1.2086,1.2711,1.2711,1.3328,1.2711,1.3328,1.2711,1.2711,1.3328,1.2711,1.2086,1.2711,1.2711
1.2086,1.3328,1.1455,1.3328,1.2711,1.2711,1.2086,1.2086,1.2711,1.2711,1.3328,1.2711,1.3328,1.2711,1.2711,1.3328,1.2711,1.2711,1.2711,1.2711
1.2086,1.3328,1.1455,1.3328,1.2711,1.2711,1.2086,1.2711,1.2711,1.2711,1.3328,1.2711,1.3328,1.2711,1.2711,1.3328,1.2711,1.2711,1.3328,1.2711
1.2086,1.3328,1.1455,1.3328,1.2711,1.2711,1.2711,1.2711,1.2711,1.2711,1.3328,1.2711,1.3328,1.2711,1.2711,1.3328,1.2711,1.2711,1.3328,1.2711
1.2086,1.3328,1.2086,1.3328,1.2711,1.2711,1.2711,1.2711,1.3328,1.3328,1.3328,1.2711,1.3328,1.2711,1.2711,1.3328,1.2711,1.2711,1.3328,1.3328
1.2086,1.3328,1.2086,1.3328,1.2711,1.2711,1.2711,1.2711,1.3328,1.3328,1.3328,1.2711,1.3328,1.2711,1.2711,1.3328,1.2711,1.2711,1.3328,1.3328
1.2086,1.3328,1.2086,1.3328,1.2711,1.2711,1.2711,1.3328,1.3328,1.3328,1.3328,1.2711,1.3328,1.2711,1.2711,1.3328,1.2711,1.2711,1.3328,1.3328
1.2086,1.3328,1.2711,1.3328,1.2711,1.2711,1.2711,1.3328,1.3328,1.3328,1.3328,1.3328,1.3328,1.3328,1.2711,1.3328,1.2711,1.3328,1.3328,1.3328
1.2711,1.3328,1.2711,1.3328,1.3328,1.2711,1.2711,1.3328,1.3328,1.3328,1.3328,1.3328,1.3328,1.3328,1.3328,1.3328,1.3328,1.3328,1.3328,1.3328
1.3328,1.3328,1.2711,1.3328,1.3328,1.3328,1.2711,1.3328,1.3328,1.3328,1.3328,1.3328,1.3328,1.3328,1.3328,1.3328,1.3328,1.3328,1.3328,1.3328
1.3328,1.3328,1.2711,1.3328,1.3328,1.3328,1.2711,1.3328,1.3328,1.3328,1.3328,1.3328,1.3328,1.3328,1.3328,1.3328,1.3328,1.3328,1.3328,1.3328
1.3328,1.3328,1.3328,1.3328,1.3328,1.3328,1.2711,1.3328,1.3328,1.3328,1.3328,1.3328,1.3328,1.3328,1.3328,1.3328,1.3328,1.3328,1.3328,1.3328
1.3328,1.3328,1.3328,1.3328,1.3328,1.3328,1.3328,1.3328,1.3328,1.3328,1.3328,1.3328,1.3328,1.3328,1.3328,1.3328,1.3328,1.3328,1.3328,1.3328
1.3328,1.3328,1.3328,1.3328,1.3328,1.3328,1.3328,1.3328,1.3328,1.3328,1.3328,1.3328,1.3328,1.3328,1.3328,1.3328,1.3328,1.3328,1.3328,1.3328
1.3328,1.3328,1.3328,1.3328,1.3328,1.3328,1.3328,1.3328,1.3328,1.3328,1.3328,1.3328,1.3328,1.3328,1.3328,1.3328,1.3328,1.3328,1.3328,1.3328
1.3328,1.3328,1.3328,1.3328,1.3328,1.3328,1.3328,1.3328,1.3328,1.3328,1.3328,1.3328,1.3328,1.3328,1.3328,1.3328,1.3328,1.3328,1.3328,1.3328
1.3328,1.3328,1.3328,1.3328,1.2711,1.3328,1.3328,1.3328,1.3328,1.3328,1.3328,1.3328,1.3328,1.3328,1.3328,1.3328,1.3328,1.3328,1.3328,1.3328
1.3328,1.3328,1.3328,1.3328,1.2711,1.3328,1.3328,1.3328,1.3328,1.3328,1.3328,1.3328,1.3328,1.3328,1.3328,1.3328,1.3328,1.3328,1.2711,1.3328
1.3328,1.3328,1.3328,1.3328,1.2711,1.3328,1.3328,1.3328,1.3328,1.3328,1.3328,1.3328,1.2711,1.3328,1.3328,1.3328,1.3328,1.3328,1.2711,1.3328
1.3328,1.3328,1.3328,1.3328,1.2711,1.3328,1.3328,1.3328,1.3328,1.3328,1.3328,1.3328,1.2711,1.3328,1.3328,1.2711,1.3328,1.3328,1.2711,1.3328
1.3328,1.3328,1.2711,1.3328,1.2711,1.3328,1.3328,1.3328,1.3328,1.3328,1.3328,1.3328,1.2711,1.3328,1.3328,1.2711,1.3328,1.3328,1.2711,1.3328
1.3328,1.3328,1.2711,1.3328,1.2711,1.3328,1.3328,1.3328,1.3328,1.3328,1.3328,1.3328,1.2711,1.3328,1.3328,1.2711,1.3328,1.3328,1.2711,1.3328
1.3328,1.3328,1.2711,1.3328,1.2711,1.3328,1.3328,1.3328,1.3328,1.3328,1.3328,1.3328,1.2711,1.3328,1.3328,1.2711,1.3328,1.3328,1.2711,1.3328
1.3328,1.3328,1.2711,1.3328,1.2711,1.3328,1.3328,1.3328,1.3328,1.3328,1.3328,1.3328,1.2711,1.3328,1.3328,1.2711,1.3328,1.3328,1.2711,1.3328
1.3328,1.3328,1.2711,1.3328,1.2711,1.3328,1.3328,1.3328,1.3328,1.3328,1.3328,1.3328,1.2711,1.3328,1.3328,1.2711,1.3328,1.3328,1.2711,1.3328
1.3328,1.3328,1.2711,1.3328,1.2711,1.3328,1.3328,1.3328,1.3328,1.3328,1.3328,1.3328,1.2711,1.3328,1.3328,1.2711,1.3328,1.3328,1.2711,1.3328
1.3328,1.3328,1.2711,1.3328,1.2711,1.3328,1.3328,1.3328,1.3328,1.3328,1.3328,1.3328,1.2711,1.3328,1.3328,1.2711,1.3328,1.3328,1.2711,1.3328
1.3328,1.3328,1.2711,1.3328,1.2711,1.3328,1.3328,1.3328,1.3328,1.3328,1.3328,1.2711,1.2711,1.3328,1.2711,1.2711,1.3328,1.3328,1.2711,1.3328
1.3328,1.3328,1.2711,1.3328,1.2711,1.3328,1.3328,1.3328,1.3328,1.3328,1.3328,1.2711,1.2711,1.3328,1.2711,1.2711,1.3328,1.3328,1.2711,1.3328
1.3328,1.3328,1.2711,1.3328,1.2711,1.2711,1.3328,1.3328,1.3328,1.3328,1.3328,1.2711,1.2711,1.3328,1.2711,1.2711,1.3328,1.3328,1.2711,1.3328
1.3328,1.3328,1.2711,1.3328,1.2711,1.2711,1.3328,1.3328,1.3328,1.3328,1.3328,1.2711,1.2711,1.3328,1.2711,1.2711,1.3328,1.3328,1.2711,1.3328
1.3328,1.3328,1.2711,1.3328,1.2711,1.2711,1.3328,1.3328,1.3328,1.3328,1.3328,1.2711,1.2711,1.3328,1.2711,1.2711,1.3328,1.3328,1.2711,1.3328
1.3328,1.3328,1.2711,1.3328,1.2711,1.2711,1.3328,1.3328,1.3328,1.3328,1.2711,1.2711,1.2711,1.3328,1.2711,1.2711,1.3328,1.3328,1.2711,1.3328
1.3328,1.3328,1.2711,1.3328,1.2711,1.2711,1.3328,1.3328,1.3328,1.3328,1.2711,1.2711,1.2711,1.3328,1.2711,1.2711,1.3328,1.3328,1.2711,1.3328
1.3328,1.2711,1.2711,1.3328,1.2711,1.2711,1.3328,1.3328,1.3328,1.3328,1.2711,1.2711,1.2711,1.3328,1.2711,1.2711,1.3328,1.3328,1.2711,1.3328
1.3328,1.2711,1.2711,1.3328,1.2711,1.2711,1.3328,1.3328,1.3328,1.3328,1.2711,1.2711,1.2711,1.3328,1.2711,1.2711,1.3328,1.3328,1.2711,1.3328
1.3328,1.2711,1.2711,1.3328,1.2711,1.2711,1.3328,1.3328,1.3328,1.3328,1.2711,1.2711,1.2711,1.3328,1.2711,1.2711,1.3328,1.3328,1.2711,1.3328
1.3328,1.2711,1.2711,1.3328,1.2711,1.2711,1.3328,1.3328,1.3328,1.3328,1.2711,1.2711,1.2711,1.3328,1.2711,1.2711,1.3328,1.3328,1.2711,1.3328
1.3328,1.2711,1.2711,1.3328,1.2711,1.2711,1.3328,1.3328,1.3328,1.3328,1.2711,1.2711,1.2711,1.3328,1.2711,1.2711,1.3328,1.3328,1.2711,1.3328
1.3328,1.2711,1.2711,1.3328,1.2711,1.2711,1.3328,1.3328,1.3328,1.3328,1.2711,1.2711,1.2711,1.2711,1.2711,1.2711,1.3328,1.3328,1.2711,1.3328
1.3328,1.2711,1.2711,1.3328,1.2086,1.2711,1.3328,1.3328,1.3328,1.3328,1.2711,1.2711,1.2711,1.2711,1.2711,1.2711,1.3328,1.3328,1.2711,1.3328
1.3328,1.2711,1.2711,1.2711,1.2086,1.2711,1.3328,1.3328,1.3328,1.3328,1.2711,1.2711,1.2711,1.2711,1.2711,1.2711,1.3328,1.3328,1.2711,1.3328
1.3328,1.2711,1.2711,1.2711,1.2086,1.2711,1.3328,1.3328,1.3328,1.3328,1.2711,1.2711,1.2711,1.2711,1.2711,1.2711,1.3328,1.3328,1.2711,1.3328
1.3328,1.2711,1.2711,1.2711,1.2086,1.2711,1.3328,1.3328,1.3328,1.3328,1.2711,1.2711,1.2711,1.2711,1.2711,1.2711,1.3328,1.3328,1.2711,1.3328
1.3328,1.2711,1.2711,1.2711,1.2086,1.2711,1.3328,1.3328,1.3328,1.3328,1.2711,1.2711,1.2711,1.2711,1.2711,1.2711,1.3328,1.3328,1.2711,1.3328
1.2711,1.2711,1.2711,1.2711,1.2086,1.2711,1.3328,1.3328,1.3328,1.3328,1.2711,1.2711,1.2711,1.2711,1.2711,1.2711,1.3328,1.3328,1.2711,1.3328
1.2711,1.2711,1.2711,1.2711,1.2086,1.2711,1.3328,1.3328,1.3328,1.3328,1.2711,1.2711,1.2711,1.2711,1.2711,1.2711,1.3328,1.3328,1.2711,1.3328
1.2711,1.2711,1.2711,1.2711,1.2086,1.2711,1.3328,1.3328,1.3328,1.3328,1.2711,1.2711,1.2711,1.2711,1.2711,1.2711,1.3328,1.3328,1.2711,1.3328
1.2711,1.2711,1.2711,1.2711,1.2086,1.2711,1.3328,1.3328,1.3328,1.3328,1.2711,1.2711,1.2711,1.2711,1.2711,1.2711,1.3328,1.3328,1.2711,1.3328
1.2711,1.2711,1.2711,1.2711,1.2086,1.2711,1.3328,1.3328,1.3328,1.3328,1.2711,1.2711,1.2711,1.2711,1.2711,1.2711,1.3328,1.3328,1.2711,1.3328
1.2711,1.2711,1.2711,1.2711,1.2086,1.2711,1.3328,1.3328,1.3328,1.3328,1.2711,1.2711,1.2711,1.2711,1.2711,1.2711,1.3328,1.3328,1.2711,1.3328
1.2711,1.2711,1.2711,1.2711,1.2086,1.2711,1.3328,1.3328,1.3328,1.3328,1.2711,1.2711,1.2711,1.2711,1.2711,1.2711,1.3328,1.3328,1.2711,1.3328
1.2711,1.2711,1.2711,1.2711,1.2086,1.2711,1.3328,1.3328,1.3328,1.3328,1.2711,1.2086,1.2711,1.2711,1.2711,1.2711,1.3328,1.3328,1.2711,1.3328
1.2711,1.2711,1.2711,1.2711,1.2086,1.2711,1.3328,1.3328,1.3328,1.3328,1.2711,1.2086,1.2711,1.2711,1.2711,1.2711,1.3328,1.3328,1.2711,1.3328
1.2711,1.2711,1.2711,1.2711,1.2086,1.2711,1.3328,1.3328,1.3328,1.3328,1.2711,1.2086,1.3328,1.2711,1.2711,1.2711,1.3328,1.3328,1.2711,1.3328
1.2711,1.2711,1.2711,1.2711,1.2086,1.2711,1.3328,1.3328,1.3328,1.3328,1.2711,1.2086,1.3328,1.2711,1.2711,1.2711,1.3328,1.3328,1.2711,1.3328
1.2711,1.2711,1.2711,1.2711,1.2086,1.2711,1.3328,1.3328,1.3328,1.3328,1.2711,1.2086,1.3328,1.2711,1.2711,1.2711,1.3328,1.3328,1.2711,1.3328
1.2711,1.2711,1.2711,1.2711,1.2086,1.2711,1.3328,1.3328,1.3328,1.3328,1.2711,1.2086,1.3328,1.2711,1.2711,1.2711,1.3328,1.3328,1.2711,1.3328
1.2711,1.2711,1.2711,1.2711,1.2086,1.2711,1.3328,1.3328,1.2711,1.3328,1.2711,1.2086,1.3328,1.2711,1.2711,1.2711,1.3328,1.3328,1.2711,1.3328
1.2711,1.2086,1.2711,1.2711,1.2086,1.2711,1.3328,1.3328,1.2711,1.3328,1.2711,1.2086,1.3328,1.2711,1.2711,1.2711,1.3328,1.3328,1.2086,1.3328
1.2711,1.2086,1.2711,1.2711,1.2086,1.2711,1.3328,1.3328,1.2711,1.3328,1.2711,1.2086,1.3328,1.2711,1.2711,1.3328,1.3328,1.3328,1.2086,1.3328
1.2711,1.2086,1.2711,1.2711,1.2086,1.2711,1.3328,1.3328,1.2711,1.3328,1.2711,1.2086,1.3328,1.2711,1.2711,1.3328,1.3328,1.3328,1.2086,1.3328
1.2711,1.2086,1.2711,1.2711,1.2086,1.2711,1.3328,1.3328,1.2711,1.3328,1.2711,1.2086,1.3328,1.2711,1.2711,1.3328,1.3328,1.3328,1.2086,1.3328
1.2711,1.2086,1.2711,1.2711,1.2086,1.2711,1.3328,1.2711,1.2711,1.3328,1.2711,1.2086,1.3328,1.2711,1.2711,1.3328,1.3328,1.3328,1.1455,1.3328
1.2711,1.2086,1.2711,1.2711,1.2086,1.2711,1.3328,1.2711,1.2711,1.3328,1.2711,1.2086,1.3328,1.2711,1.2711,1.3328,1.3328,1.3328,1.1455,1.3328
1.2711,1.2086,1.2711,1.2711,1.2086,1.2711,1.3328,1.2711,1.2711,1.3328,1.2711,1.2086,1.3328,1.2711,1.2711,1.3328,1.3328,1.3328,1.1455,1.3328
1.2711,1.2086,1.2711,1.2711,1.2086,1.2711,1.3328,1.2711,1.2711,1.3328,1.2711,1.2711,1.3328,1.2711,1.2711,1.3328,1.3328,1.3328,1.1455,1.3328
1.2711,1.2086,1.2711,1.2711,1.2086,1.2711,1.3328,1.2711,1.2711,1.3328,1.2711,1.2711,1.3328,1.2711,1.2711,1.3328,1.3328,1.3328,1.1455,1.3328
1.2711,1.2086,1.2711,1.2711,1.2086,1.2711,1.3328,1.2711,1.2711,1.3328,1.2711,1.2711,1.3328,1.2711,1.2711,1.3328,1.3328,1.3328,1.1455,1.3328
1.2711,1.2086,1.2711,1.2711,1.2711,1.2711,1.3328,1.2711,1.2711,1.3328,1.2711,1.2711,1.3328,1.2711,1.2086,1.3328,1.3328,1.3328,1.1455,1.3328
1.2711,1.1455,1.2711,1.2711,1.2086,1.2711,1.3328,1.2711,1.2711,1.3328,1.2711,1.2711,1.3328,1.2711,1.2086,1.3328,1.3328,1.3328,1.1455,1.3328
1.2711,1.1455,1.2711,1.2711,1.2086,1.2711,1.2711,1.2711,1.2711,1.3328,1.2711,1.2711,1.3328,1.2711,1.2086,1.3328,1.3328,1.3328,1.2086,1.3328
1.2711,1.1455,1.2711,1.2711,1.2086,1.2711,1.2711,1.2711,1.2711,1.3328,1.2711,1.2711,1.3328,1.2711,1.2086,1.3328,1.3328,1.3328,1.2086,1.3328
1.2711,1.1455,1.2711,1.2711,1.2086,1.2711,1.2711,1.2711,1.2711,1.3328,1.2711,1.2711,1.3328,1.2711,1.2086,1.3328,1.3328,1.3328,1.2086,1.3328
1.2711,1.1455,1.2711,1.2711,1.2086,1.2711,1.2711,1.2711,1.2711,1.3328,1.2711,1.2711,1.3328,1.2711,1.2086,1.3328,1.3328,1.3328,1.2086,1.3328
1.2711,1.1455,1.2711,1.2711,1.2086,1.2711,1.2711,1.2711,1.2711,1.3328,1.2711,1.2711,1.2711,1.2711,1.2086,1.3328,1.3328,1.3328,1.2086,1.3328
1.2711,1.1455,1.2086,1.2711,1.2086,1.2711,1.2711,1.2711,1.2711,1.3328,1.2711,1.2711,1.2711,1.3328,1.2711,1.3328,1.3328,1.3328,1.2086,1.3328
1.2711,1.1455,1.2086,1.2711,1.2711,1.2711,1.2711,1.2086,1.2711,1.3328,1.2711,1.2711,1.2711,1.3328,1.2711,1.3328,1.3328,1.3328,1.2086,1.3328
1.2711,1.1455,1.2086,1.2711,1.2711,1.2711,1.2711,1.2086,1.2711,1.3328,1.2711,1.2711,1.2711,1.3328,1.2711,1.3328,1.3328,1.3328,1.2086,1.3328
1.2711,1.1455,1.2086,1.2711,1.2711,1.2711,1.2711,1.2086,1.2711,1.3328,1.2711,1.2711,1.2711,1.3328,1.2711,1.3328,1.3328,1.3328,1.2086,1.3328
1.2711,1.1455,1.2086,1.2711,1.2711,1.2711,1.2711,1.2086,1.2711,1.3328,1.2711,1.2711,1.2711,1.3328,1.2711,1.3328,1.3328,1.3328,1.2086,1.3328
1.2711,1.1455,1.2086,1.2711,1.2711,1.2711,1.2086,1.2086,1.2711,1.3328,1.3328,1.2711,1.2711,1.3328,1.2711,1.3328,1.3328,1.3328,1.2086,1.2711
1.2711,1.1455,1.2086,1.2711,1.2711,1.2711,1.2086,1.1455,1.2711,1.3328,1.3328,1.2711,1.2711,1.3328,1.2711,1.3328,1.3328,1.3328,1.2086,1.2711
1.2711,1.1455,1.2086,1.2711,1.2711,1.2711,1.2086,1.1455,1.2711,1.3328,1.3328,1.2711,1.2711,1.3328,1.2711,1.3328,1.3328,1.3328,1.2086,1.2711
1.2711,1.1455,1.1455,1.2711,1.2711,1.2711,1.2086,1.1455,1.2711,1.3328,1.3328,1.2711,1.2711,1.3328,1.2711,1.2711,1.3328,1.3328,1.2086,1.2711
1.2711,1.1455,1.1455,1.2711,1.2711,1.2711,1.2086,1.1455,1.2711,1.3328,1.3328,1.2711,1.2711,1.3328,1.2711,1.2711,1.3328,1.3328,1.2086,1.2711
1.2711,1.1455,1.1455,1.2711,1.2711,1.2711,1.2086,1.1455,1.2711,1.3328,1.3328,1.2711,1.2711,1.3328,1.2711,1.2711,1.3328,1.3328,1.2086,1.2711
1.2711,1.1455,1.1455,1.2711,1.2711,1.2711,1.2086,1.1455,1.2711,1.3328,1.3328,1.2711,1.2711,1.3328,1.2711,1.2711,1.3328,1.3328,1.2086,1.2711
1.2711,1.1455,1.1455,1.2711,1.2711,1.2711,1.2086,1.1455,1.2711,1.3328,1.2711,1.2711,1.2711,1.3328,1.2711,1.2711,1.3328,1.3328,1.2086,1.2711
1.2711,1.1455,1.2086,1.2711,1.2711,1.2711,1.2086,1.1455,1.2711,1.3328,1.2711,1.2711,1.2711,1.3328,1.2711,1.2711,1.3328,1.3328,1.2086,1.2711
1.2711,1.1455,1.2086,1.2711,1.2711,1.2711,1.2086,1.1455,1.2711,1.3328,1.2711,1.2711,1.2711,1.3328,1.2711,1.2711,1.3328,1.3328,1.2086,1.2711
1.2711,1.1455,1.2086,1.2711,1.2086,1.2711,1.2086,1.1455,1.2711,1.3328,1.2711,1.2711,1.2711,1.3328,1.2711,1.2711,1.3328,1.3328,1.2086,1.2711
1.2711,1.1455,1.2086,1.2711,1.2086,1.2711,1.2086,1.1455,1.2711,1.3328,1.2711,1.2711,1.2711,1.3328,1.2711,1.2711,1.3328,1.3328,1.2086,1.2711
1.2711,1.1455,1.2086,1.2711,1.2086,1.2711,1.2086,1.1455,1.2711,1.3328,1.2711,1.2711,1.2711,1.3328,1.2711,1.2711,1.3328,1.3328,1.2086,1.2711
1.2711,1.1455,1.2086,1.2711,1.1455,1.3328,1.2086,1.1455,1.2711,1.3328,1.2711,1.2711,1.2711,1.3328,1.2711,1.2711,1.3328,1.3328,1.2086,1.2711
1.2711,1.1455,1.2086,1.2711,1.1455,1.3328,1.2086,1.1455,1.2711,1.3328,1.2711,1.2711,1.2711,1.3328,1.2086,1.2711,1.3328,1.3328,1.2086,1.2711
1.2711,1.1455,1.2086,1.3328,1.1455,1.3328,1.2086,1.1455,1.2711,1.3328,1.2711,1.2711,1.2711,1.3328,1.2086,1.2711,1.3328,1.3328,1.2711,1.2711
1.2711,1.1455,1.2086,1.3328,1.1455,1.3328,1.2086,1.1455,1.2711,1.3328,1.2711,1.2711,1.2711,1.3328,1.2086,1.2711,1.3328,1.3328,1.2711,1.2711
1.2711,1.1455,1.2086,1.3328,1.1455,1.3328,1.2086,1.1455,1.2711,1.3328,1.2711,1.2711,1.2086,1.3328,1.2086,1.2711,1.3328,1.3328,1.2711,1.2711
1.2711,1.1455,1.1455,1.3328,1.1455,1.3328,1.2086,1.1455,1.2711,1.3328,1.2711,1.2711,1.2086,1.3328,1.2086,1.2711,1.3328,1.3328,1.2711,1.2711
1.2711,1.1455,1.1455,1.3328,1.1455,1.3328,1.2086,1.1455,1.2711,1.3328,1.2711,1.2086,1.2086,1.3328,1.2086,1.2711,1.2711,1.3328,1.2711,1.2711
1.2711,1.1455,1.1455,1.2711,1.1455,1.3328,1.2086,1.1455,1.2711,1.3328,1.2711,1.2086,1.2086,1.3328,1.2086,1.2086,1.2711,1.3328,1.2711,1.2711
1.2711,1.2086,1.1455,1.2086,1.1455,1.3328,1.1455,1.1455,1.2711,1.3328,1.2711,1.2086,1.2086,1.3328,1.2086,1.2086,1.2711,1.3328,1.2711,1.2711
1.2711,1.2086,1.1455,1.2086,1.1455,1.3328,1.1455,1.1455,1.2711,1.3328,1.2086,1.2086,1.2086,1.3328,1.2086,1.1455,1.2711,1.3328,1.2711,1.2711
1.2711,1.2086,1.1455,1.2086,1.1455,1.3328,1.0817,1.1455,1.2711,1.3328,1.2086,1.2086,1.2086,1.3328,1.2086,1.1455,1.2711,1.3328,1.2711,1.2711
1.2711,1.2711,1.1455,1.2086,1.1455,1.3328,1.0817,1.1455,1.2711,1.3328,1.2086,1.2086,1.2086,1.3328,1.2086,1.1455,1.2711,1.3328,1.2711,1.2711
1.3328,1.2711,1.1455,1.2086,1.1455,1.3328,1.0817,1.1455,1.2711,1.3328,1.2086,1.2086,1.2086,1.3328,1.2086,1.0817,1.2711,1.3328,1.2711,1.2711
1.3328,1.2711,1.1455,1.2086,1.1455,1.3328,1.0817,1.2086,1.2711,1.3328,1.2086,1.2711,1.2086,1.3328,1.2086,1.0817,1.2711,1.3328,1.2711,1.2711
1.3328,1.2711,1.1455,1.1455,1.1455,1.3328,1.1455,1.2086,1.3328,1.3328,1.2086,1.2711,1.2086,1.3328,1.2086,1.0817,1.2711,1.3328,1.2711,1.2711
1.3328,1.2711,1.1455,1.1455,1.1455,1.2711,1.1455,1.2086,1.2711,1.3328,1.2086,1.2711,1.2086,1.3328,1.2086,1.0817,1.2711,1.3328,1.2711,1.2711
1.3328,1.2711,1.1455,1.1455,1.1455,1.2711,1.1455,1.2086,1.2711,1.3328,1.2086,1.2711,1.2086,1.3328,1.2086,1.0817,1.2711,1.3328,1.2711,1.2711
1.2711,1.2711,1.1455,1.1455,1.1455,1.2711,1.1455,1.2086,1.2711,1.3328,1.2086,1.2711,1.2086,1.3328,1.2086,1.0817,1.2711,1.3328,1.2711,1.2711
1.2711,1.2711,1.0817,1.1455,1.1455,1.2711,1.1455,1.2086,1.2711,1.3328,1.2086,1.2711,1.2086,1.3328,1.2086,1.0817,1.2086,1.3328,1.2711,1.2711
1.2711,1.2711,1.0817,1.1455,1.2086,1.2086,1.1455,1.2086,1.2711,1.3328,1.2086,1.2711,1.2086,1.3328,1.2086,1.0817,1.2086,1.3328,1.2711,1.2711
1.2086,1.2711,1.0817,1.1455,1.2086,1.2086,1.1455,1.2086,1.2711,1.3328,1.2086,1.2711,1.2086,1.3328,1.2711,1.0817,1.2086,1.3328,1.3328,1.2711
1.2086,1.2711,1.0817,1.1455,1.2086,1.2086,1.1455,1.2086,1.2711,1.3328,1.2086,1.2711,1.2086,1.3328,1.2711,1.0817,1.2086,1.3328,1.3328,1.2711
1.2086,1.2711,1.0817,1.1455,1.2086,1.2086,1.1455,1.2086,1.2711,1.3328,1.2086,1.2711,1.2086,1.3328,1.2711,1.0817,1.2086,1.3328,1.3328,1.2711
1.2086,1.2711,1.0817,1.1455,1.2086,1.2086,1.1455,1.2086,1.2711,1.3328,1.2086,1.2711,1.2086,1.3328,1.2711,1.0817,1.2086,1.3328,1.3328,1.2711
1.2086,1.2711,1.0817,1.1455,1.2086,1.1455,1.1455,1.2086,1.2711,1.3328,1.2086,1.2711,1.2086,1.3328,1.2711,1.0817,1.2086,1.3328,1.3328,1.2711
1.2086,1.2711,1.0817,1.1455,1.2086,1.1455,1.2086,1.2086,1.2711,1.3328,1.2086,1.2711,1.2086,1.3328,1.2711,1.0817,1.2086,1.3328,1.3328,1.2711
1.2086,1.2711,1.0817,1.1455,1.2086,1.1455,1.1455,1.2086,1.2711,1.3328,1.2086,1.2711,1.2086,1.3328,1.2711,1.0817,1.2086,1.3328,1.3328,1.2711
1.2086,1.2711,1.0817,1.1455,1.2086,1.1455,1.1455,1.2086,1.2711,1.2711,1.2086,1.2711,1.2086,1.3328,1.2711,1.0817,1.2086,1.2086,1.3328,1.2711
1.2086,1.2711,1.0817,1.1455,1.2086,1.1455,1.0817,1.2086,1.2711,1.2711,1.2086,1.2711,1.2086,1.3328,1.2711,1.0817,1.2086,1.2086,1.3328,1.2711
1.2086,1.2711,1.0817,1.1455,1.2086,1.1455,1.0817,1.2086,1.2711,1.2711,1.2086,1.2711,1.2086,1.3328,1.2711,1.0817,1.2086,1.2086,1.3328,1.2711
1.2086,1.2711,1.0817,1.1455,1.2086,1.1455,1.0817,1.2086,1.2711,1.2711,1.2086,1.2711,1.2086,1.3328,1.2711,1.0817,1.2086,1.2086,1.3328,1.2711
1.2086,1.2711,1.0817,1.1455,1.2086,1.1455,1.0817,1.2711,1.2711,1.2711,1.2086,1.2711,1.2086,1.3328,1.2711,1.0817,1.2086,1.2086,1.3328,1.2711
1.2086,1.2711,1.0817,1.1455,1.2086,1.1455,1.0817,1.2711,1.2711,1.2711,1.2086,1.2711,1.2086,1.3328,1.2711,1.0817,1.2086,1.2086,1.3328,1.2711
1.2086,1.2711,1.1455,1.1455,1.2086,1.1455,1.0817,1.3328,1.2711,1.2711,1.2086,1.2711,1.2086,1.3328,1.2711,1.0817,1.2086,1.2086,1.3328,1.2711
1.2086,1.2086,1.2086,1.1455,1.2086,1.1455,1.0817,1.3328,1.2711,1.2711,1.2086,1.2711,1.2086,1.3328,1.2711,1.0817,1.2086,1.2086,1.3328,1.3328
1.2086,1.1455,1.2086,1.1455,1.2086,1.1455,1.0817,1.3328,1.2711,1.2711,1.2086,1.2711,1.2086,1.3328,1.2711,1.0817,1.2086,1.2086,1.3328,1.3328
1.2086,1.1455,1.2086,1.1455,1.2086,1.1455,1.0817,1.3328,1.2711,1.2711,1.2086,1.2711,1.2086,1.3328,1.2711,1.0817,1.1455,1.2086,1.3328,1.3328
1.2086,1.1455,1.2086,1.1455,1.2711,1.1455,1.0817,1.3328,1.2711,1.2711,1.2086,1.2711,1.2086,1.3328,1.2711,1.0817,1.1455,1.2086,1.3328,1.2711
1.2086,1.1455,1.2086,1.1455,1.3328,1.1455,1.0817,1.3328,1.2711,1.2086,1.2086,1.2711,1.2086,1.3328,1.2711,1.0817,1.1455,1.2086,1.3328,1.2711
1.1455,1.1455,1.2086,1.1455,1.3328,1.1455,1.0817,1.3328,1.2711,1.2086,1.2086,1.2711,1.1455,1.2711,1.2711,1.0817,1.1455,1.2086,1.2711,1.2711
1.1455,1.1455,1.2086,1.1455,1.3328,1.1455,1.0817,1.3328,1.2711,1.2086,1.2086,1.2711,1.1455,1.2711,1.2711,1.1455,1.1455,1.2086,1.2711,1.2711
1.1455,1.1455,1.2086,1.0817,1.3328,1.1455,1.0817,1.3328,1.2711,1.2086,1.2086,1.2711,1.1455,1.2711,1.2711,1.1455,1.1455,1.2086,1.2711,1.2711
1.1455,1.1455,1.2086,1.0817,1.3328,1.1455,1.0817,1.3328,1.2711,1.2086,1.2086,1.2711,1.1455,1.2711,1.3328,1.1455,1.1455,1.2086,1.2711,1.2711
1.1455,1.1455,1.2086,1.0817,1.3328,1.0817,1.0817,1.3328,1.2711,1.2086,1.2086,1.2711,1.2086,1.2711,1.3328,1.1455,1.1455,1.2086,1.2711,1.2711
1.1455,1.2086,1.2086,1.0817,1.3328,1.0817,1.0817,1.3328,1.2711,1.2086,1.2086,1.2711,1.2086,1.2711,1.3328,1.1455,1.0817,1.2086,1.2711,1.2086
1.1455,1.2086,1.2086,1.0817,1.3328,1.0817,1.0817,1.3328,1.2711,1.2086,1.2086,1.2711,1.2086,1.2711,1.3328,1.1455,1.0817,1.2086,1.2711,1.2086
1.1455,1.2086,1.2711,1.0817,1.3328,1.0817,1.0817,1.3328,1.2711,1.2086,1.2086,1.2711,1.2711,1.2711,1.3328,1.1455,1.0817,1.2086,1.2711,1.2086
1.1455,1.2086,1.2711,1.0817,1.3328,1.0817,1.0817,1.3328,1.2711,1.1455,1.2086,1.2711,1.2711,1.2711,1.3328,1.1455,1.0817,1.2086,1.2711,1.2086
1.1455,1.2086,1.2711,1.0817,1.3328,1.0172,1.0817,1.3328,1.2711,1.1455,1.2086,1.2711,1.2711,1.2711,1.3328,1.1455,1.0817,1.2086,1.2711,1.2086
1.1455,1.2086,1.2711,1.0817,1.3328,1.0172,1.0817,1.3328,1.2711,1.1455,1.2086,1.2711,1.2711,1.2711,1.3328,1.1455,1.0817,1.2086,1.2711,1.2086
1.1455,1.2086,1.2711,1.0817,1.3328,1.0172,1.0817,1.3328,1.2711,1.1455,1.2086,1.2711,1.2711,1.2711,1.3328,1.1455,1.0817,1.2086,1.2711,1.2086
1.1455,1.2086,1.2711,1.0817,1.3328,1.0172,1.0817,1.3328,1.2711,1.1455,1.2086,1.2711,1.2711,1.2711,1.3328,1.1455,1.0817,1.2086,1.2711,1.2086
1.1455,1.2086,1.2711,1.0817,1.3328,1.0172,1.0817,1.3328,1.2711,1.1455,1.2086,1.2711,1.2711,1.2711,1.3328,1.1455,1.0817,1.2086,1.2711,1.2086
1.1455,1.2086,1.2711,1.0817,1.3328,1.0172,1.0817,1.3328,1.2711,1.1455,1.1455,1.2711,1.2711,1.2711,1.3328,1.1455,1.0817,1.2086,1.2711,1.2086
1.1455,1.2086,1.2711,1.0817,1.3328,1.0172,1.0817,1.3328,1.2711,1.1455,1.1455,1.2711,1.2711,1.2711,1.3328,1.1455,0.9795,1.2086,1.2711,1.2086
1.1455,1.2086,1.2711,1.0817,1.3328,1.0172,1.0817,1.3328,1.2711,1.1455,1.1455,1.2711,1.2711,1.2711,1.3328,1.1455,0.9795,1.2086,1.2711,1.2086
1.1455,1.2086,1.2711,1.0817,1.3328,1.0172,1.0817,1.3328,1.2711,1.1455,1.1455,1.2711,1.2711,1.2711,1.3328,1.1455,0.9795,1.2086,1.2711,1.2086
1.1455,1.2086,1.2711,1.0817,1.3328,1.0172,1.0817,1.3328,1.2711,1.1455,1.1455,1.2711,1.2711,1.2711,1.3328,1.1455,0.9795,1.2086,1.2086,1.2086
