0.8869,0.8869,0.8869,0.8869,0.8869,0.8869,0.8869,0.8869,0.8869,0.8869,0.8869,0.8869,0.8869,0.8869,0.8869,0.8869,0.8869,0.8869,0.8869,0.8869,0.8869,0.8869,0.8869,0.8869,0.8869,0.8869,0.8869,0.8869,0.8869,0.8869,0.8869,0.8869,0.8869,0.8869,0.8869,0.8869,0.8869,0.8869,0.8869,0.8869,0.8869,0.8869,0.8869,0.8869,0.8869,0.8869,0.8869,0.8869,0.8869,0.8869,0.8869,0.8869,0.8869,0.8869,0.8869,0.8869,0.8869,0.8869,0.8869,0.8869,0.8869,0.8869,0.8869,0.8869,0.8869,0.8869,0.8869,0.8869,0.8869,0.8869,0.8869,0.8869,0.8869,0.8869,0.8869,0.8869,0.8869,0.8869,0.8869,0.8869,0.8869,0.8869,0.8869,0.8869,0.8869,0.8869,0.8869,0.8869,0.8869,0.8869,0.8869,0.8869,0.8869,0.8869,0.8869,0.8869,0.8869,0.8869,0.8869,0.8869,0.8869,0.8869,0.8869,0.8869,0.8869,0.8869,0.8869,0.8869,0.8869,0.8869,0.8869,0.8869,0.8869,0.8869,0.8869,0.8869,0.8869,0.8869,0.8869,0.8869,0.8869,0.8869,0.8869,0.8869,0.8869,0.8869,0.8869,0.8869,0.8869,0.8869,0.8869,0.8869,0.8869,0.8869,0.8869,0.8869,0.8869,0.8869,0.8869,0.8869,0.8869,0.8869,0.8869,0.8869,0.8869,0.8869,0.8869,0.8869,0.8869,0.8869,0.8869,0.8869,0.8869,0.8869,0.8869,0.8869,0.8869,0.8869,0.8869,0.8869,0.8869,0.8869,0.8869,0.8869,0.8869,0.8869,0.8869,0.8869,0.8869,0.8869,0.8869,0.8869,0.8869,0.8869,0.8869,0.8869,0.8869,0.8869,0.8869,0.8869,0.8869,0.8869,0.8869,0.8869,0.8869,0.8869,0.8869,0.8869,0.8869,0.8869,0.8869,0.8869,0.8869,0.8869,0.8869,0.8869,0.8869,0.8869,0.8869,0.8869
0.9781,0.8770,1.2634,0.8770,0.8770,1.2634,1.2634,1.2634,1.2634,1.2634,1.2634,1.2634,1.2634,1.2634,0.9781,1.2634,1.2634,1.2634,0.8770,0.8770,0.8770,1.2634,1.2634,1.2634,1.2634,1.2634,1.2634,1.2634,1.2634,1.2634,1.2634,1.2634,1.2634,1.2634,1.2634,0.9781,1.2634,1.2634,1.2634,1.2634,1.2634,1.2634,1.2634,1.2634,1.2634,1.2634,1.2634,1.2634,1.2634,1.2634,1.2634,1.2634,1.2634,1.2634,1.2634,1.2634,1.2634,1.2634,1.2634,1.2634,1.2634,1.2634,1.2634,1.2634,1.2634,1.2634,1.2634,1.2634,1.2634,1.2634,1.2634,1.2634,1.2634,1.2634,1.2634,1.2634,1.2634,1.2634,1.2634,1.2634,1.2634,1.2634,1.2634,1.2634,1.2634,1.2634,1.2634,1.2634,1.2634,1.2634,1.2634,1.2634,1.2634,1.2634,1.2634,1.2634,1.2634,1.2634,1.2634,1.2634,1.2634,1.2634,1.2634,1.2634,1.2634,1.2634,1.2634,1.2634,1.2634,1.2634,1.2634,1.2634,1.2634,1.2634,1.2634,1.2634,1.2634,1.2634,1.2634,1.2634,1.2634,1.2634,1.2634,1.2634,1.2634,1.2634,1.2634,1.2634,1.2634,1.2634,1.2634,1.2634,1.2634,1.2634,1.2634,1.2634,1.2634,1.2634,1.2634,1.2634,1.2634,1.2634,1.2634,1.2634,1.2634,1.2634,1.2634,1.2634,1.2634,1.2634,1.2634,1.2634,1.2634,1.2634,1.2634,1.2634,1.2634,1.2634,1.2634,1.2634,1.2634,1.2634,1.2634,1.2634,1.2634,1.2634,1.2634,1.2634,1.2634,1.2634,1.2634,1.2634,1.2634,1.2634,1.2634,1.2634,1.2634,1.2634,1.2634,1.2634,1.2634,1.2634,1.2634,1.2634,1.2634,1.2634,1.2634,1.2634,1.2634,1.2634,1.2634,1.2634,1.2634,1.2634,1.2634,1.2634,1.2634,1.2634,1.2634,1.2634
0.9766,0.8672,1.2633,0.8672,0.8672,1.2633,1.2633,1.2633,1.2633,1.2633,1.2633,1.2633,0.8748,0.9777,0.9766,0.8748,0.9777,0.9777,0.9762,1.2627,1.2627,0.9777,0.9777,0.9777,0.8748,0.8748,0.8748,0.9777,0.9777,0.9777,0.9777,0.9777,0.9777,0.9777,0.9777,1.2629,0.9777,0.9777,0.9777,0.9777,0.9777,0.9777,0.9777,0.9777,0.9777,0.9777,0.9777,0.9777,0.9777,0.9777,0.9777,0.9777,0.9777,0.9777,0.9777,0.9777,0.9777,0.9777,0.9777,0.9777,0.9777,0.9777,0.9777,0.9777,0.9777,0.9777,0.9777,0.9777,0.9777,0.9777,0.9777,0.9777,0.9777,0.9777,0.9777,0.9777,0.9777,0.9777,0.9777,0.9777,0.9777,0.9777,0.9777,0.9777,0.9777,0.9777,0.9777,0.9777,0.9777,0.9777,0.9777,0.9777,0.9777,0.9777,0.9777,0.9777,0.9777,0.9777,0.9777,0.9777,0.9777,0.9777,0.9777,0.9777,0.9777,0.9777,0.9777,0.9777,0.9777,0.9777,0.9777,0.9777,0.9777,0.9777,0.9777,0.9777,0.9777,0.9777,0.9777,0.9777,0.9777,0.9777,0.9777,0.9777,0.9777,0.9777,0.9777,0.9777,0.9777,0.9777,0.9777,0.9777,0.9777,0.9777,0.9777,0.9777,0.9777,0.9777,0.9777,0.9777,0.9777,0.9777,0.9777,0.9777,0.9777,0.9777,0.9777,0.9777,0.9777,0.9777,0.9777,0.9777,0.9777,0.9777,0.9777,0.9777,0.9777,0.9777,0.9777,0.9777,0.9777,0.9777,0.9777,0.9777,0.9777,0.8748,0.9777,0.9777,0.9777,0.9777,0.9777,0.9777,0.9777,0.9777,0.9777,0.9777,0.9777,0.9777,0.9777,0.9777,0.9777,0.9777,0.9777,0.9777,0.9777,0.9777,0.9777,0.9777,0.9777,0.9777,0.9777,0.9777,0.9777,0.9777,0.9777,0.9777,0.9777,0.9777,0.9777,0.9777
0.8617,0.8574,0.8727,1.2620,1.2620,1.2631,1.2631,1.2631,1.2631,1.2631,1.2631,1.2631,1.2626,1.2627,0.9751,1.2626,1.2627,1.2627,0.8597,0.9758,0.9758,1.2627,1.2627,1.2627,1.2626,1.2626,0.8650,1.2627,1.2627,1.2627,1.2627,1.2627,1.2627,1.2627,1.2627,0.9762,1.2627,1.2627,1.2627,1.2627,1.2627,1.2627,1.2627,1.2627,1.2627,1.2627,0.8671,1.2627,1.2627,1.2627,1.2627,1.2627,1.2627,1.2627,1.2627,1.2627,1.2627,1.2627,1.2627,1.2627,1.2627,1.2627,1.2627,1.2627,1.2627,1.2627,1.2627,1.2627,1.2627,1.2627,1.2627,1.2627,1.2627,1.2627,1.2627,1.2627,1.2627,1.2627,1.2627,1.2627,1.2627,1.2627,1.2627,1.2627,1.2627,1.2627,1.2627,1.2627,1.2627,1.2627,1.2627,1.2627,1.2627,1.2627,1.2627,1.2627,1.2627,1.2627,1.2627,1.2627,1.2627,1.2627,1.2627,1.2627,1.2627,1.2627,1.2627,1.2627,1.2627,1.2627,1.2627,1.2627,1.2627,1.2627,1.2627,1.2627,1.2627,1.2627,1.2627,1.2627,1.2627,1.2627,1.2627,1.2627,1.2627,1.2627,1.2627,1.2627,1.2627,1.2627,1.2627,1.2627,1.2627,1.2627,1.2627,1.2627,1.2627,1.2627,1.2627,1.2627,1.2627,1.2627,1.2627,1.2627,1.2627,1.2627,1.2627,1.2627,1.2627,1.2627,1.2627,1.2627,1.2627,1.2627,1.2627,1.2627,1.2627,1.2627,1.2627,1.2627,1.2627,1.2627,1.2627,1.2627,1.2627,0.8650,1.2627,1.2627,1.2627,1.2627,1.2627,1.2627,1.2627,1.2627,1.2627,1.2627,1.2627,1.2627,1.2627,1.2627,1.2627,1.2627,1.2627,1.2627,1.2627,1.2627,1.2627,1.2627,1.2627,1.2627,1.2627,1.2627,1.2627,1.2627,1.2627,1.2627,1.2627,1.2627,1.2627,1.2627
0.9352,0.8477,1.2683,1.2619,1.2619,1.2384,1.2385,1.2689,1.2741,1.2562,1.2385,0.6029,0.8631,0.9916,0.9377,0.9913,0.9918,0.9917,0.9887,1.2680,1.2680,1.0353,1.0358,0.9918,1.0311,0.9474,1.2776,0.9758,1.1191,1.1189,0.9758,0.9917,1.1192,0.9758,0.9917,1.2733,0.9916,0.9758,1.1187,0.9917,0.9917,0.9917,1.0354,0.9916,0.9758,0.9917,0.9411,0.9916,0.9916,0.9918,0.9758,1.1194,0.9918,0.9758,0.9917,0.9916,1.0353,0.9917,1.0352,1.0351,0.9917,0.9917,0.9758,0.9917,1.0351,1.0354,1.0354,0.9758,0.9917,0.9917,0.9917,0.9758,0.9758,1.0362,0.9917,0.9917,1.0358,0.9758,1.1191,0.9917,1.0358,0.9758,1.0362,0.9758,0.9758,0.9916,0.9758,0.9917,0.9758,0.9758,0.9917,0.9758,1.0360,0.9917,1.0356,1.0351,1.0354,0.9916,1.1187,0.9917,0.9758,0.9917,1.1188,0.9758,1.2019,1.0360,0.9918,0.9918,1.0355,0.9917,0.9917,0.9758,0.9917,1.0361,0.9918,0.9917,1.0352,0.9918,1.1194,1.2018,0.9917,1.0356,1.1190,0.9758,0.9917,0.9917,1.1186,1.0355,0.9917,0.9758,0.9758,0.9758,1.0355,1.1188,1.1187,1.0354,0.9758,0.9758,1.0357,0.9758,1.0355,0.9917,1.0353,0.9758,1.0355,0.9758,0.9917,0.9758,0.9758,0.9917,1.1188,0.9758,0.9758,1.0359,0.9917,0.9917,0.9758,0.9917,0.9758,0.9917,0.9916,0.9917,1.0357,0.9917,1.0355,1.2730,0.9917,0.9917,0.9916,1.0354,1.0360,0.9758,0.9758,0.9758,0.9917,0.9758,1.0358,1.0351,0.9918,1.1187,0.9917,1.0359,0.9758,0.9918,0.9918,0.9917,0.9917,0.9758,0.9758,0.9917,0.9758,1.0357,0.9918,1.1186,1.0353,1.1188,0.9917,1.0354,1.1185,1.0355
1.0062,1.2413,1.2680,1.2773,1.2616,0.9597,0.9564,1.2560,1.2781,1.2386,0.6063,0.8506,1.2775,1.0238,1.2510,1.1039,1.0247,1.0243,1.1684,1.0228,1.3476,1.2691,1.2677,1.2775,1.1832,1.1832,1.1821,1.1781,1.1065,0.9407,1.2680,1.2853,1.1885,1.2373,1.2816,1.2550,1.2729,1.2469,1.1061,1.2815,1.2619,1.2775,1.2677,1.2620,1.2679,1.2729,1.2845,1.1883,1.2851,1.2729,1.2553,1.1887,1.2678,1.2778,1.2679,1.2472,1.2373,1.2619,1.2814,1.2678,1.2729,1.3530,1.2552,1.2679,1.2689,1.2693,1.1063,1.2733,1.2678,1.2775,1.2816,1.2621,1.2472,1.3507,1.2678,1.2776,0.9410,1.2371,1.4296,0.7731,1.1889,1.2731,1.0245,1.2732,1.2619,1.2730,1.2731,1.2730,1.2678,1.1829,1.2678,1.2620,1.2549,1.2620,1.2852,1.2774,1.2814,1.2619,1.1061,1.2618,1.2775,1.2852,1.2774,1.2620,1.2850,1.2620,1.2776,1.2470,1.2677,1.2817,1.2551,1.2372,1.2815,1.2815,1.2550,1.2678,1.2466,1.2733,1.2852,1.2851,1.2776,1.3521,1.2773,1.2376,1.2775,1.2775,1.2728,1.2548,1.2729,1.2555,1.2551,1.2678,1.2677,1.2815,1.4306,1.2729,1.2372,1.2472,1.2775,1.2730,1.2774,1.2816,1.2548,1.2379,1.2730,1.2776,1.2728,1.2854,1.2817,1.2619,1.2815,1.2553,1.1793,1.2816,1.2679,1.2619,1.2816,1.2617,1.2552,1.2775,1.2775,1.2679,1.2729,1.2730,1.2852,1.2726,1.2619,1.2730,1.2729,1.3515,1.2677,0.9874,1.2776,1.3541,1.3565,1.2730,1.2618,1.2815,1.2775,1.3513,1.2550,1.2775,1.2553,1.2816,1.2470,1.2776,1.2678,1.2730,1.1853,1.2731,1.2680,1.2815,1.2621,1.2774,1.2775,1.2728,1.2678,1.2815,1.2815,1.2816
1.2333,1.3818,1.2549,1.4159,1.2772,0.8687,1.2762,1.2388,1.2777,1.2110,0.5291,0.9417,1.2546,1.0938,1.3926,1.2522,1.4144,1.0943,1.3895,1.2669,1.4109,1.1745,0.9889,1.2614,1.3288,1.2806,1.4059,1.0240,1.2552,1.0938,1.0226,1.3417,1.3348,1.0285,1.4209,0.9556,1.2848,0.9397,1.2768,1.3396,1.0237,1.2849,1.1810,0.9894,1.2655,1.2367,1.3222,1.2845,1.1774,1.2772,1.0265,1.2722,1.1019,1.2675,1.1851,1.1083,0.8576,1.1851,1.2810,1.0193,1.2771,1.4166,0.9741,1.2656,1.2807,1.2766,1.2722,1.2618,0.9889,1.2811,1.2847,1.0244,0.9747,1.2807,1.1852,1.2848,1.1751,0.9393,1.4134,0.8477,1.2809,1.2813,0.9723,1.2548,1.1051,1.2615,1.2772,1.2849,1.1018,1.2479,1.1838,0.9100,0.9733,0.9738,1.3393,1.2769,1.3386,0.9899,1.2807,1.0204,1.2810,1.4176,1.2673,1.0241,1.5693,1.0235,1.2675,0.9750,1.0179,1.2847,0.9742,0.6879,1.2847,1.2809,1.0243,1.1829,0.9554,1.2676,1.3382,1.4931,1.2812,1.4937,1.2769,0.9115,1.2771,1.4982,1.2612,0.9895,1.2672,0.9570,0.9559,1.0208,1.1004,1.2845,1.4144,1.2811,0.8815,0.9749,1.2810,1.2726,1.3414,1.2811,0.9894,0.8001,1.2675,1.2848,1.2724,1.3437,1.4231,0.9895,1.2846,0.9110,0.3988,1.2847,1.0230,1.1042,1.2770,1.0200,0.9903,1.2771,1.2847,1.1848,1.3453,1.2615,1.3386,1.4157,1.0243,1.2726,1.2849,1.2845,1.0184,1.1960,1.2812,1.3388,1.3412,1.2675,0.9894,1.2810,1.2811,1.3360,1.0236,1.3432,0.9563,1.3415,0.9904,1.2847,1.0215,1.3480,0.5665,1.2728,1.0232,1.2846,0.9563,1.3402,1.2848,1.2810,1.2642,1.3406,1.2809,1.4203
1.5234,1.5892,1.2729,1.3218,1.2611,1.2621,1.2769,0.8750,1.2727,0.9407,0.7035,1.2640,0.9885,1.1614,1.5276,1.4708,1.4754,1.3198,1.5982,1.0874,1.3948,1.2405,1.2720,0.9887,1.4678,1.3180,1.4665,1.0124,1.3973,1.2802,1.2808,1.4047,1.4745,1.0169,1.3265,1.2674,1.4865,1.2722,1.3257,1.4025,1.1746,1.0099,1.4046,1.0917,1.3304,0.9894,1.5359,1.4007,1.3223,1.2808,1.1778,1.2806,1.2806,1.1783,1.3315,1.3369,1.2725,1.2667,1.2841,1.2493,1.2843,1.1642,1.2615,1.2512,1.3226,1.3237,1.3304,1.1833,1.2806,1.3323,1.4073,1.2557,1.2772,1.2802,1.4105,1.4071,1.3209,1.0921,1.3973,1.0818,1.3248,1.4929,1.2807,1.0210,1.2721,1.0145,1.3349,1.4110,1.2807,0.9586,1.2843,1.0180,1.2670,1.2674,1.2840,1.2764,1.5551,1.2723,1.2802,1.2844,1.2764,1.4788,1.1734,1.2769,1.4752,1.2808,1.0171,1.2727,1.2720,1.2842,1.2548,0.9298,1.2804,1.3277,1.2846,1.3307,1.2771,1.0985,1.2442,1.4761,1.4104,1.4767,1.2806,1.2558,1.2844,1.4812,1.0919,1.2809,1.0934,1.2678,1.2549,1.3317,1.1684,1.4015,1.5516,1.2805,1.2478,1.2727,1.2718,1.2845,1.3274,1.2719,1.2844,0.9783,1.0158,1.2806,1.2807,1.2763,1.2495,1.2723,1.3237,0.9567,0.7850,1.2841,1.2768,1.0917,1.2766,1.2807,1.2675,1.2722,1.2841,1.2514,1.4861,0.9888,1.3234,1.3996,1.2769,1.2669,1.3314,1.3218,1.2720,1.2565,1.3322,1.4790,1.3259,0.9725,1.2845,1.4048,1.2806,1.2838,1.2846,1.4063,1.2677,1.4046,1.2727,1.4843,1.2807,1.3329,0.6866,1.2724,1.2672,1.3256,1.2548,1.5570,1.4856,1.2764,1.3290,1.4037,1.3253,1.4815
1.5789,1.5708,0.9347,1.3838,1.2765,1.2619,1.2666,1.2626,1.2612,0.9785,1.2627,0.8833,1.2667,1.1481,1.5100,1.3780,1.3823,1.1486,1.5797,1.0750,1.3789,1.2263,1.2762,1.2609,1.3752,1.1470,1.5245,1.0816,1.2267,1.2755,1.2664,1.3113,1.3815,1.2763,1.2332,0.9720,1.2836,1.2718,1.2797,1.3092,1.0006,0.9984,1.4651,1.1592,1.2369,1.2670,1.4437,1.3075,1.1507,1.2761,1.0033,1.2801,1.2759,1.2803,1.2836,1.0833,1.2610,0.9701,1.2756,1.0765,1.2800,1.2294,0.9883,1.1579,1.2833,1.2306,1.3152,1.2806,1.2759,1.3171,1.3912,1.0820,1.2610,1.2796,1.3167,1.2353,1.2795,1.2714,1.2831,1.2795,1.2317,1.3209,1.2802,1.2669,1.2716,1.0030,1.2801,1.2387,1.2801,1.2625,1.2837,1.2667,0.9868,0.9722,1.2834,1.2661,1.3854,1.2765,1.2797,1.2760,1.2800,1.3083,1.2713,1.2764,1.4583,1.2802,1.2667,1.2612,1.2665,1.3138,0.9732,1.2604,1.2799,1.3125,1.2803,1.2758,1.2610,0.9234,1.1513,1.3059,1.3166,1.4598,1.2836,0.9758,1.2838,1.4643,1.2661,1.2803,1.2662,0.9731,0.9735,1.3165,1.1551,1.3083,1.4585,1.2800,0.9761,1.2612,1.2714,1.2715,1.3897,1.2715,1.2838,1.2629,1.2717,1.3180,1.2761,1.2758,1.1562,1.2719,1.2833,1.2618,0.8607,1.2835,1.2607,0.9987,1.2760,1.2760,0.9726,1.2718,1.2797,1.1581,1.4692,1.2666,1.3082,1.1501,1.2665,0.9867,1.3939,1.3067,1.2664,0.9776,1.2800,1.4621,1.2797,1.2666,1.2839,1.3888,1.2837,1.2795,1.2763,1.2346,0.9731,1.3112,1.2611,1.4674,1.2838,1.2837,1.2611,1.2608,1.0108,1.2324,0.9733,1.3871,1.4686,1.2760,1.1566,1.3103,1.3875,1.3881
1.4151,1.5525,0.8419,1.3679,1.2603,1.2618,1.2604,1.2624,1.2611,1.2630,1.2626,1.2632,0.9701,0.9779,1.4191,1.3621,1.2789,1.0571,1.4890,0.9834,1.3630,1.2825,1.2600,0.9709,1.2836,1.2788,1.5069,1.2655,1.2125,1.2704,0.9695,1.2828,1.3656,1.2601,1.1411,1.2606,1.2792,1.2603,1.2792,1.2171,1.2656,0.9068,1.4483,1.0669,1.1445,0.9712,1.4270,1.2925,1.2790,1.2659,1.2597,1.2655,1.2709,1.2599,1.2753,0.9911,0.9713,1.2599,1.2652,1.0641,1.2655,1.2153,1.2607,1.2705,1.2827,1.1387,1.2227,0.8359,1.2709,1.0672,1.3753,1.2708,0.9713,1.2703,1.2793,0.9050,1.2702,1.2599,1.2747,1.2650,1.1397,1.3058,1.2597,0.9710,1.2601,1.2657,1.2754,1.0673,1.2709,0.9751,1.2831,0.9703,1.2601,1.2607,1.2791,0.9846,1.2162,1.2603,1.2704,1.2596,1.2754,1.2162,1.2597,1.2601,1.3662,1.2658,0.9701,0.9718,0.9856,1.2829,1.2611,0.9696,1.2752,1.2202,1.2711,1.2594,0.9713,1.2600,0.9010,1.2140,1.2240,1.3676,1.2705,1.2620,1.2753,1.2954,0.9688,1.2711,0.9848,1.2610,1.2612,1.3014,1.2704,1.2932,1.2825,1.2707,1.2621,0.9718,1.2711,1.2599,1.2199,1.2660,1.2795,0.9764,1.2603,1.0679,1.2710,1.2707,1.0642,1.2604,1.2749,0.9733,1.2615,1.2703,0.9705,1.2707,1.2599,1.2756,1.2608,1.2603,1.2704,1.2706,1.2223,0.9700,1.0600,0.9796,0.9697,1.2599,1.1454,1.1370,0.9694,1.2627,1.2655,1.3697,1.2704,0.9699,1.2796,1.3728,1.2706,1.2749,1.2600,1.1424,1.2610,1.2189,0.9715,1.2208,1.2753,1.2707,0.9716,0.9707,1.2604,1.2791,1.2611,1.2948,1.2993,1.2709,1.2793,1.2953,1.2827,1.2957
1.3986,1.4633,1.2601,1.2007,1.2602,1.2617,1.2603,1.2623,1.2610,1.2481,1.2556,0.9770,1.2600,0.9665,1.4026,1.3463,1.2696,1.0449,1.4716,0.9953,1.2721,1.1995,0.9686,1.2602,1.1931,1.1237,1.3422,0.9671,1.1985,1.2588,1.2597,1.2785,1.2746,0.8315,1.2785,0.9703,1.2646,0.9694,1.2699,1.1261,0.9674,0.8963,1.3568,1.2587,1.2746,1.2604,1.4104,1.2854,1.2696,0.9681,0.9680,0.9667,1.2594,0.9684,1.2649,1.2590,1.2604,0.9685,0.9823,1.0518,0.9671,1.1244,0.9704,1.2590,1.2643,1.2742,1.2824,0.9679,1.2593,1.0549,1.2856,1.2594,1.2604,1.2588,1.2746,0.8945,1.2647,0.9684,1.2696,0.9655,1.2695,1.2139,0.9679,1.2603,0.9688,0.9676,1.2590,1.0550,1.2593,1.2618,1.2700,1.2600,0.9689,0.9705,1.2744,1.2593,1.1253,0.9693,1.2700,0.9676,1.2591,1.2022,0.9678,0.9688,1.3504,0.9678,1.2600,1.2605,1.2597,1.2699,0.9714,1.2597,1.2648,1.2697,1.2596,0.9671,1.2604,0.9687,1.2584,1.2000,1.2646,1.2853,1.2589,0.9740,1.2649,1.2784,1.2595,1.2596,1.2594,0.9713,0.9718,1.2823,1.2649,1.2783,1.2782,1.2591,0.9742,1.2606,1.2596,0.9684,1.1288,0.9684,1.2650,1.2622,0.9694,1.2648,1.2595,1.2591,0.9735,0.9696,1.2744,1.2611,0.9726,1.2587,1.2601,1.2592,0.9684,1.2593,0.9709,0.9693,1.2588,1.2591,1.1310,1.2599,1.2696,1.2583,1.2598,0.9685,1.2699,1.1239,1.2597,0.9757,0.9668,1.3539,1.2588,1.2599,1.2650,1.1280,1.2590,1.2698,0.9687,1.2697,0.9713,0.8929,1.2605,1.2823,1.2590,1.2591,1.2605,1.2602,0.9696,1.2744,0.9715,1.2821,1.2644,1.2594,1.2647,0.9711,1.2742,1.2044
1.3822,1.3031,1.2600,1.1867,1.2601,1.2675,1.2602,1.2474,1.2668,1.2484,1.2556,1.2735,0.8294,0.9553,1.2838,1.2565,1.2639,1.0327,1.3829,0.9935,1.1068,1.0333,1.2594,0.9693,1.1792,1.0341,1.2527,1.2588,1.1845,0.9655,0.9679,1.2780,1.2774,1.2593,1.2575,1.2600,0.9647,1.2597,1.2583,1.1130,1.2589,1.2580,1.1909,0.9653,1.2582,0.9696,1.3210,1.2733,1.2580,1.2592,1.2592,1.2587,0.9671,1.2593,0.9654,0.9661,0.9697,1.2593,1.2584,1.0396,1.2588,1.0348,1.2601,0.9660,0.9799,1.2691,1.2781,1.2591,0.9668,1.2579,1.2778,0.9670,0.9696,0.9654,1.2583,1.2579,0.9645,1.2593,1.2580,1.2582,1.2578,1.2579,1.2591,0.9693,1.2595,1.2590,0.9660,0.8866,0.9668,0.9734,1.2584,0.9686,1.2595,1.2601,1.2581,0.9668,1.2634,1.2597,1.2585,1.2590,0.9663,1.1122,1.2591,1.2595,0.8783,1.2591,0.9685,0.9701,0.9678,1.2583,1.2604,0.9680,0.9652,1.2579,0.9676,1.2588,0.9696,1.2594,0.9645,1.2734,0.9645,1.2687,0.9659,1.2614,0.9654,1.2691,0.9672,0.9677,0.9670,1.2604,1.2606,1.2577,0.9653,1.2689,1.2735,0.9663,1.2615,0.9702,0.9676,1.2593,1.0388,1.2593,0.9657,0.9746,1.2597,0.9650,0.9672,0.9664,1.2578,1.2598,1.2580,0.9716,1.2609,0.9652,0.9689,0.9666,1.2593,0.9667,1.2602,1.2597,0.9655,0.9664,1.1178,0.9684,1.2578,0.9642,0.9681,1.2593,1.2582,1.1108,0.9678,1.2620,1.2587,1.2848,0.9656,0.9683,0.9657,1.0381,0.9660,1.2582,1.2594,1.2581,1.2604,1.2577,0.9699,1.2691,0.9660,0.9662,0.9699,0.9691,1.2598,1.2693,1.2605,1.2688,0.9803,0.9671,0.9648,1.2577,1.2579,1.0376
1.3658,1.2877,1.2599,1.2769,1.2713,1.2614,1.2714,1.1917,1.2606,1.2391,1.2683,1.2776,0.9000,1.0202,1.2797,1.1678,0.9628,0.8678,1.3665,0.7957,1.0938,1.2681,0.9831,1.2596,1.0157,0.8690,1.2380,0.9960,1.2768,1.2582,1.2651,1.2572,1.2567,0.9668,0.9623,0.9687,1.2579,0.9838,0.9804,1.2568,0.9964,0.9798,0.9493,1.2642,0.9639,1.2598,1.2761,1.2568,0.9633,0.9827,0.9969,0.9815,1.2648,1.0634,1.2643,1.2745,1.2757,0.9669,0.9645,1.2685,0.9656,1.2567,0.9848,1.2584,1.2575,1.2576,1.2574,0.9826,1.2647,0.9631,1.2569,1.2588,1.2658,1.2582,0.9641,0.9632,1.2693,0.9831,0.9635,0.9802,0.9934,0.9631,0.9826,1.2597,0.9673,0.9661,1.2644,1.2634,1.2587,1.2671,0.9645,1.2594,0.9674,0.9848,0.9636,1.2587,0.9615,0.9677,0.9646,0.9823,1.2585,1.0992,0.9825,0.9835,1.2567,0.9967,1.2654,1.2659,1.2652,0.9803,0.9859,1.2592,1.2642,0.9632,1.2651,0.9819,1.2528,1.0640,1.2692,1.2629,1.2640,1.2568,1.2644,0.9882,1.2643,1.2574,1.2589,1.2590,1.2588,1.0000,1.0020,0.9788,1.2642,1.2572,1.2569,1.2585,0.9884,1.2600,1.2590,0.9669,1.2569,0.9831,1.2644,1.2726,0.9839,1.2580,1.2589,1.2586,0.9630,0.9680,0.9635,1.2717,0.9709,1.2642,1.2656,1.2587,0.9830,1.2587,0.9853,0.9678,1.2643,1.2646,1.2571,1.2653,0.9629,1.2639,1.2653,0.9670,0.9641,1.0222,1.2651,0.9899,0.9654,1.2727,1.2643,1.2653,1.2644,1.2568,1.2584,0.9639,0.9833,0.9798,0.9856,0.9627,1.2758,1.2575,1.2584,1.2585,1.2711,1.2656,0.9840,1.2638,1.0003,1.2632,1.2637,1.2701,1.2580,0.9790,0.9631,1.2630
1.2854,0.9848,1.2598,0.9891,1.2710,1.2671,1.2798,0.6102,1.2455,1.2492,1.2732,1.2813,1.2696,1.0081,1.2792,1.2759,1.2633,1.2621,1.3503,0.8631,1.0064,1.0173,1.2700,0.9060,1.1515,1.0099,1.1504,1.2782,0.9361,1.0456,0.9821,0.9614,0.9601,1.2700,1.2571,1.2793,0.9633,1.2749,1.2691,0.9604,0.9945,1.2688,0.9588,1.0422,1.2577,0.9841,1.2757,0.9603,1.2636,1.2698,1.2744,1.2641,0.9955,1.0511,0.9800,1.2741,1.2707,1.2647,1.2579,1.2729,1.2643,0.9764,1.2705,0.9949,0.9784,0.9623,0.9620,1.2645,1.0507,1.2574,0.9768,0.9655,1.0692,0.9640,1.2638,1.2574,1.2690,1.2647,1.2636,1.1113,0.9503,1.2574,1.2697,0.9980,1.2701,1.2697,0.9946,0.9776,0.9957,1.0088,1.2639,0.9671,1.2702,1.2706,1.2575,0.9813,1.2568,1.2591,1.2693,1.2697,0.9954,1.2620,1.2697,1.2747,0.9601,1.2742,0.9970,1.0697,0.9965,1.2637,1.2657,1.0611,0.9939,1.2688,0.9961,1.2643,0.9685,1.2786,1.2689,0.9600,0.9790,0.9768,0.9946,1.2763,0.9943,0.9619,0.9657,0.9824,0.9958,1.2754,1.2709,1.2684,0.9940,0.9615,0.9606,0.9952,1.2606,1.0718,0.9963,1.2588,0.9768,1.2700,1.0448,1.2809,1.2703,0.9797,0.9963,0.9649,1.2573,1.2522,1.2635,1.2760,1.2714,0.9941,0.9832,1.0513,1.2647,0.9653,1.2655,1.2591,0.9798,0.9948,0.9610,0.9969,1.2573,0.8811,0.9967,1.2588,1.2577,1.2559,0.9820,1.2771,1.2696,1.2561,0.9800,0.9969,1.0448,0.9766,0.9645,1.2577,1.2701,1.2688,1.2755,1.2633,1.2795,0.9621,0.9645,0.9648,1.2832,0.9673,1.2749,0.9929,1.2655,0.9769,0.9784,1.2745,0.9797,1.2632,1.2634,0.9764
1.2638,0.9730,1.2528,1.2616,1.2653,1.2807,1.2793,1.2474,1.1649,1.2399,1.2774,1.4117,1.2819,1.0699,1.2748,0.9954,0.9916,1.0080,1.2644,1.2719,1.2610,1.0053,1.2822,1.2700,1.0651,1.2714,0.9985,1.2630,1.2668,1.0335,1.2696,0.8675,1.2563,1.2743,0.9610,1.2747,0.8767,1.2787,1.2735,1.2624,1.2735,1.2685,0.9739,1.2733,0.9625,1.2651,1.2752,1.2677,1.0323,1.2694,1.2818,1.1169,1.2780,1.0389,1.2635,1.2737,1.2792,0.9953,0.9937,1.2725,0.9942,1.2677,1.2790,1.2690,1.2683,1.2571,1.2685,0.9805,1.0385,0.9618,1.2624,1.2642,1.1351,1.2637,0.9785,0.9619,1.2776,1.1271,0.9781,1.1733,1.2724,0.9618,1.2819,1.2701,1.2745,1.2641,1.2689,1.2627,1.2739,1.2759,0.9933,1.2702,1.2744,1.2748,0.9622,1.2640,0.9603,0.9824,1.2737,1.2740,1.2692,0.9739,1.2741,1.2785,1.2563,1.2738,1.2697,1.2748,1.2642,0.9783,0.9978,1.2822,1.2733,1.2685,1.2783,0.9941,1.2751,1.2818,1.2686,1.2562,1.2632,1.2624,1.2689,1.2800,1.2735,1.2630,1.2511,1.2697,1.2739,1.2791,1.2706,1.2728,1.2687,1.2568,1.2626,1.2691,0.9864,1.2749,1.2695,0.9814,1.2624,1.2697,1.1848,1.2840,1.2646,1.2688,1.2741,1.2580,0.9617,0.9667,0.9778,1.2756,1.2799,1.2687,1.2587,1.0391,0.9951,1.2695,0.9831,0.9662,1.2635,1.2737,1.2627,1.2785,0.9779,0.9769,1.2696,0.9958,0.9627,0.9745,1.2742,1.2767,1.2693,0.9749,1.2636,1.2784,1.2734,1.2623,1.2639,0.9787,1.2697,1.2685,1.2751,0.9772,1.2827,1.2570,1.2640,1.2641,1.2928,1.2650,1.2745,1.2682,0.9832,1.2624,1.2630,1.2740,1.2635,0.9769,0.9775,1.2623
1.0379,0.9612,0.9683,1.2614,1.2651,1.2662,1.2747,0.7772,0.5964,1.2403,1.2769,1.4726,1.2814,1.0571,1.2598,1.2657,1.2678,1.0697,1.1796,1.0001,0.9858,1.0668,1.2736,1.0490,1.0524,1.0649,1.2600,1.3219,0.9993,1.0214,1.2693,1.2620,0.9753,1.2852,0.7884,1.2743,0.8664,1.2818,1.2731,0.9894,1.2773,1.2772,1.2667,1.2729,1.2632,0.9821,1.2603,0.9889,1.2727,1.2738,1.2846,1.1039,1.2775,1.2773,0.9922,1.2686,1.2787,1.2691,1.2570,1.2722,1.2733,0.9888,1.2743,1.2734,1.2680,1.0276,1.2682,1.2691,1.1023,1.2684,0.9748,0.9797,1.1219,1.0333,1.2630,1.2569,1.2771,1.2849,1.2682,1.2801,1.2721,1.2569,1.2813,1.2786,1.2782,0.9937,1.2686,0.9756,1.2735,1.2796,1.2684,1.2824,1.2694,1.2744,1.2631,0.9934,1.2563,1.2743,1.2685,1.2736,1.2778,1.2613,1.2638,1.2780,0.9589,1.2776,1.2741,1.2744,0.9798,1.2629,1.2746,1.3445,1.2809,1.2729,1.2815,1.2687,1.2747,1.2812,1.2730,0.9588,0.9914,0.9748,1.2732,1.2832,1.2772,0.9764,0.9644,1.2693,1.2688,1.2786,1.2790,1.2724,1.2684,0.9907,0.9754,1.2574,1.2798,1.2698,1.2640,1.2640,0.9749,1.2741,1.2806,1.2756,1.0485,1.2685,1.2738,0.9797,1.2629,1.2700,1.2728,1.2706,1.2794,1.2731,0.9814,1.2731,1.2690,1.2691,1.2746,1.2744,1.0296,1.2685,0.9757,1.2818,1.2628,1.2624,1.2694,1.2740,0.9511,1.2669,1.2638,1.2840,1.2737,1.2671,0.9923,1.2851,1.2730,0.9891,0.9931,1.2630,1.2694,1.2682,1.2747,1.2626,1.2821,0.9608,1.0380,0.9792,1.3532,0.9817,1.2782,1.2727,1.2787,0.9750,0.9764,1.2637,0.9777,1.2624,1.2626,0.9745
1.0954,1.2635,0.9817,1.2714,1.2649,1.2660,1.2742,0.8522,0.6728,1.2504,1.2719,1.4557,1.3976,1.2779,0.9681,0.9836,0.9890,1.0569,1.1653,0.9882,1.2656,1.2784,1.2774,1.2690,1.2647,1.2745,0.9685,1.3063,0.9840,1.2763,1.2689,0.9884,1.2619,1.2846,0.9307,1.2852,1.2557,1.2775,1.2566,1.2717,1.2806,1.2767,0.9861,1.2768,0.9914,1.1234,0.9694,0.9253,1.2675,1.2734,1.2455,1.1654,1.2771,1.2806,1.2679,1.2683,1.2782,1.2688,0.9770,1.2761,1.2730,1.2668,1.2781,1.2683,1.2624,1.2677,1.2626,1.2735,1.0893,1.2628,1.2671,1.2735,1.1846,1.0967,0.9908,0.9911,1.2766,1.2513,1.2679,1.2830,1.2717,0.9768,1.2842,1.2739,1.2736,1.2774,1.2683,1.2620,1.2731,1.2791,1.2627,1.2819,1.2737,1.2782,0.9910,1.2630,0.9753,1.2739,1.2683,1.2732,1.2810,0.9865,1.0345,1.2813,1.2673,1.2682,1.2816,1.2781,1.2635,0.9762,1.2783,1.3288,1.2803,1.2725,1.2772,1.2732,1.2784,1.2807,1.2806,1.2619,1.2677,1.2670,1.2682,1.2789,1.2768,1.2676,1.2740,1.2690,1.2812,1.2781,1.2785,1.2721,1.2682,1.2674,1.2619,0.9922,1.2830,1.2741,1.0379,0.9934,1.2670,1.2778,1.2801,1.2752,1.1130,1.2730,1.2734,1.2634,0.9908,1.2743,1.2676,1.2748,1.2789,1.2769,1.2694,1.2727,1.2775,1.2635,1.2784,1.2578,1.2726,1.2682,1.2620,1.2774,0.9597,0.9749,1.2737,1.2777,0.8636,0.9866,1.0355,1.2797,1.2733,0.9873,1.2681,1.2844,1.2726,1.2669,1.2629,0.9908,1.2637,1.2680,1.2696,0.9897,1.2736,1.2565,1.2684,1.2686,1.3374,1.2783,1.2735,1.2723,1.2782,1.2617,1.2622,0.9928,1.2567,0.9895,0.9405,1.2669
1.2722,0.8749,1.1262,0.9930,1.2647,1.2528,1.2739,1.2720,1.2350,1.2297,1.2761,1.4389,1.3811,1.2809,1.2646,1.2649,0.9257,1.0443,1.0826,1.2782,0.9965,1.2779,1.2727,1.2633,0.9634,1.1157,0.8223,1.2909,1.2698,1.2797,1.2775,1.2713,0.9734,1.2840,0.9937,1.1828,0.9738,1.2770,0.9598,1.2713,1.2801,1.2800,1.2658,1.2763,1.0148,1.0339,1.2651,0.9880,1.0830,1.2631,1.2308,1.2831,1.2724,1.2834,0.9893,1.2680,1.2815,1.2734,1.2562,1.2665,1.2678,1.1420,1.2814,1.2680,0.9750,1.0106,0.9756,1.2811,1.1500,1.0194,1.0017,1.2731,1.2448,1.0838,1.2675,1.2623,1.2762,1.1629,0.9894,1.2824,1.2713,1.2678,1.2721,1.2777,1.2731,1.2807,1.2565,0.9736,1.2726,1.2785,0.9903,1.2813,1.2686,1.2814,1.2676,0.9909,1.2486,1.2776,1.2567,1.2728,1.2724,1.2659,1.2728,1.2807,0.9878,1.2726,1.2772,1.2813,0.9920,1.2675,1.2816,1.3856,1.2832,1.2673,1.2767,1.2728,1.2779,1.2836,1.2762,0.9881,0.9888,0.9870,1.2565,1.2784,1.2721,0.9740,1.2736,1.2687,1.2806,1.2814,1.2781,1.2717,1.2680,0.9738,0.9165,1.2680,1.2825,1.2737,1.2730,1.2631,1.0003,1.2811,1.2715,1.2920,1.2728,1.2679,1.2730,0.9918,1.2723,1.2739,0.9742,1.2823,1.2783,1.2675,1.2779,1.2803,1.2771,0.9920,1.2738,0.9792,1.2675,1.2626,0.9573,1.2807,1.2561,1.2672,1.2733,1.2772,1.2617,1.2707,1.2728,1.2829,1.2682,1.2662,1.2678,1.2804,1.2722,0.9866,0.9905,1.2674,0.9784,0.9750,1.2739,1.2718,1.2775,0.9594,1.2681,1.2682,1.2807,1.2778,1.2811,1.2719,1.2777,0.9378,0.9582,1.2729,0.9762,1.2555,1.2407,0.9868
0.8658,0.9887,1.0364,0.9969,1.2744,1.2529,1.2735,1.2763,0.5027,1.2305,1.2835,1.4223,1.3648,1.2803,0.8902,0.9944,0.9147,1.1719,1.0009,1.2518,0.9676,1.2774,1.2723,1.1784,1.0230,1.2807,0.8123,1.2755,1.2777,1.2753,1.2728,1.2662,1.2551,1.3044,1.2786,1.1689,1.2667,1.2803,1.0139,1.2662,1.2795,1.2916,0.9838,1.2758,1.0770,1.2728,0.8975,1.2744,1.0701,0.9766,1.2827,1.2753,1.2762,1.2794,1.2717,1.2677,1.2809,1.2843,0.9588,1.0650,1.0131,1.2785,1.2729,1.2676,1.2558,1.2714,1.2673,1.2805,1.1363,0.9323,1.2709,1.2769,1.2302,0.9972,0.9882,1.0116,1.2757,1.2796,1.2555,1.2818,1.2752,0.9890,1.2670,1.2844,1.2727,1.2835,0.9759,1.2667,1.2722,1.2818,1.2673,1.2808,1.2729,1.2842,0.9884,1.2765,0.6264,1.2772,0.9764,1.2676,1.2721,1.0555,1.2678,1.2801,1.2390,1.2723,1.2805,1.2808,1.2679,0.9741,1.3294,1.3692,1.2791,0.9570,1.2720,1.2677,1.2774,1.2830,1.2613,1.2477,1.2668,1.2544,0.9411,1.2779,1.2717,1.2614,1.2732,1.2732,1.2720,1.2808,1.2813,1.2713,1.2677,1.2481,0.9378,1.0155,1.2853,1.2813,1.2726,0.9766,1.2661,1.2839,1.2711,1.3524,1.2804,0.9893,1.2678,1.2767,1.2834,1.2814,1.2614,1.2817,1.2816,1.0075,1.2846,1.2798,1.2562,1.2769,1.2847,1.2732,1.0067,0.9896,1.2552,1.2802,0.9584,1.0765,1.2771,1.2768,0.9731,1.2747,1.2767,1.2857,1.2565,0.9849,1.0129,1.3009,1.2671,1.2544,1.2620,1.0059,1.2730,1.2555,1.2735,1.2613,1.2771,1.2622,1.2726,1.2625,1.2801,1.2774,1.2806,1.2667,1.2731,0.8450,1.2555,1.2678,1.2675,0.9878,0.9195,1.2661
0.9738,1.0599,1.0243,0.9949,1.2693,1.2530,1.2571,1.2800,0.6609,0.9685,1.3750,1.4057,1.4183,1.2830,1.2636,0.9553,1.1919,1.2260,1.2665,1.2366,1.2688,1.2769,1.2719,1.1646,1.0106,1.1603,0.8024,1.2602,1.2772,1.2749,1.2766,0.9978,0.9558,1.2889,1.2742,1.2760,0.9992,1.2759,1.2668,0.9979,1.2790,1.2853,1.2595,1.2754,1.0642,1.2766,1.2642,1.0425,1.1296,1.2676,1.3454,1.2706,1.2758,1.2750,1.2713,1.0118,1.2766,1.3119,1.2672,1.0523,0.9264,1.2780,1.2805,1.0098,0.9576,1.2663,0.9877,1.2800,1.2782,1.2665,1.2658,1.2802,1.2873,1.2787,1.2611,1.2715,1.2753,1.2856,0.9381,1.2844,1.2705,1.2669,0.9869,1.2804,1.2765,1.2927,1.2560,0.9990,1.2719,1.2813,1.0039,1.2802,1.2805,1.2764,1.2666,1.2761,0.6951,1.2725,1.2623,1.0100,1.2717,1.1140,0.9890,1.2796,0.6927,1.2719,1.2761,1.2802,1.2371,1.2668,1.3862,1.4229,1.2747,1.2550,1.2716,1.0846,1.2770,1.2856,0.9997,0.9720,0.9721,0.9540,0.9402,1.2812,1.2666,0.9559,1.2807,1.2728,1.2669,1.2836,1.2770,1.2752,1.0115,0.9728,1.2480,1.2717,1.2812,1.2807,1.2722,1.2725,0.9700,1.2761,1.2707,1.3367,1.2799,1.2616,0.9892,1.2800,1.2828,1.2771,0.9998,1.2846,1.2845,1.2712,1.3915,1.2792,0.9752,1.2765,1.3937,1.2728,1.2712,1.2718,0.9563,1.2758,1.2556,1.2790,1.2766,1.2800,1.2549,1.2699,1.2762,1.2816,0.9759,1.2653,1.2758,1.2855,0.9872,0.9706,0.9882,1.2711,1.2768,0.9879,1.2773,0.9864,1.2766,0.9743,1.2722,0.9753,1.2830,1.2769,1.2801,0.9863,1.2727,0.7606,0.9571,0.9891,1.1557,1.2610,1.2410,0.9701
1.2613,0.9966,1.0871,1.2690,1.2577,1.2532,1.2571,1.2795,0.8136,1.2593,1.3592,1.2433,1.4013,1.2853,1.0177,0.9437,1.2809,1.2110,0.9725,1.2216,0.9917,1.2764,1.2668,1.1508,1.2714,1.1461,0.8626,1.2450,1.2767,1.2744,1.2834,1.2700,0.9546,1.2736,1.2737,1.2794,1.0561,1.2755,0.9865,1.2653,1.2819,1.2815,0.9506,1.2788,1.0515,1.2834,0.9795,1.2690,1.1160,1.0099,1.2598,1.2654,1.2711,1.2746,1.2752,1.2829,1.2833,1.3678,1.0026,1.1106,0.9984,1.2737,1.2833,1.2794,1.2482,0.9981,1.2664,1.2794,1.2778,0.9860,0.9838,1.2831,1.2820,1.2701,0.9990,1.2792,1.2787,1.2850,0.8464,1.3093,1.2745,0.9997,1.2661,1.2798,1.2761,1.2854,0.9891,1.2704,1.2668,1.2841,1.2710,1.2994,1.2761,1.2797,0.9991,1.2794,0.7616,1.2835,0.9582,1.2756,1.2611,1.1005,1.2716,1.2791,0.9127,1.2715,1.2795,1.2831,1.2225,0.9995,1.4406,1.3368,1.2700,0.9556,1.2665,1.2755,1.3111,1.2849,1.2749,1.2606,1.2607,1.2470,0.9578,1.2840,0.9550,1.2609,1.2836,1.2723,0.9996,1.2796,1.2803,1.2541,1.2757,1.2548,0.9160,1.2713,1.2841,1.2836,1.2670,1.2673,1.2653,1.2756,1.2656,1.3938,1.2755,0.9566,1.2669,1.2757,1.2853,1.2839,1.2660,1.3910,1.3155,1.2661,1.3751,1.2822,1.2619,1.2798,1.3053,1.2766,1.2709,1.2829,1.2610,1.2754,1.0040,1.2819,1.2761,1.2829,0.9862,1.2739,1.2830,1.2773,1.2621,0.9957,1.2753,1.2746,1.2662,1.2601,1.2612,1.2545,1.2764,1.2548,1.2806,1.2659,1.2761,1.2615,1.2718,1.2762,1.2856,1.2764,1.2758,1.2659,1.2765,0.8249,1.2612,1.2668,1.2754,0.9713,0.9201,1.2654
0.8459,0.9848,1.0743,1.0248,0.9681,0.9704,0.9676,1.2925,0.9798,0.9816,1.3434,1.2286,1.2476,1.2609,1.0059,0.9321,1.1655,1.1963,0.9771,1.2732,1.0107,1.0786,0.9958,1.1371,1.0597,1.1321,0.9821,1.1614,1.0846,1.0437,1.2182,1.0421,0.7613,1.1882,1.1019,1.2789,1.0434,1.1348,0.9816,0.9001,1.2563,1.1776,0.9700,1.1231,1.1098,1.2189,0.9793,0.9840,1.1026,0.9988,1.2446,0.9749,1.0616,1.1173,1.1298,1.2082,1.3599,1.3516,1.0646,1.0972,1.0516,1.0300,1.1448,1.0636,0.8520,0.9853,0.9151,1.1358,1.1036,0.9814,0.9759,1.2129,1.1880,1.0445,1.0557,1.2744,1.2624,1.3219,0.8363,1.2258,0.9850,0.9871,0.9843,1.1444,1.1461,1.2621,0.9777,1.0489,0.9952,1.3071,0.9861,1.2839,1.0741,1.1420,0.9856,1.2083,0.8264,1.2214,0.9779,1.0646,0.8438,1.0872,0.9952,0.9856,0.6782,1.0677,1.0645,1.2115,1.2081,0.9815,1.3535,1.3207,1.0428,0.9717,1.0648,1.2072,1.2956,1.2520,1.0521,0.7633,0.9124,0.6974,0.9777,1.1591,0.9714,0.8408,1.2948,1.1561,1.0590,1.0661,1.1532,0.7605,1.0658,0.7686,0.6944,0.9922,1.3065,1.2229,0.9247,1.1522,0.9005,1.0650,0.9779,1.3774,1.0623,0.9963,0.9231,0.9922,1.1200,1.2297,0.9831,1.3746,1.3717,0.9110,1.3588,1.1919,1.0787,1.1432,1.3609,1.0834,0.9857,1.1363,0.9916,1.0601,0.9819,1.2571,1.2921,1.1356,1.0583,1.0341,1.1379,1.1706,1.0081,0.9845,0.9816,1.1177,0.9126,0.7576,0.9940,0.9134,1.2245,0.8435,1.2329,0.9086,1.0736,0.8492,0.9994,1.1490,1.3365,1.2255,1.0671,0.9081,1.3720,0.8149,0.7704,0.7721,1.0607,0.9767,0.7096,0.9736
0.8354,1.0219,1.2058,1.0123,0.7971,0.7463,0.9736,1.2775,1.1059,0.9041,1.3277,1.2140,1.2325,1.2453,1.0614,0.9887,1.2193,1.1815,0.9766,1.2575,1.1340,1.1996,1.1289,1.1947,1.0465,1.1181,0.9790,1.2149,1.0713,1.1015,1.2747,1.0998,0.7522,1.2431,1.0885,1.3333,1.1012,1.1212,0.9033,0.9844,1.2411,1.1633,0.9752,1.1799,1.1658,1.2754,0.9787,0.9434,1.0892,1.0599,1.2973,1.1052,1.0488,1.3115,1.1162,1.2642,1.4131,1.3354,1.1237,1.0838,1.1802,1.0175,1.1311,1.1226,0.9162,0.9846,0.9041,1.1933,1.0902,1.0451,0.9755,1.2691,1.2429,1.0319,1.0430,1.2591,1.1777,1.3060,0.8262,1.2776,0.9607,0.9025,1.1864,1.1307,1.1324,1.1073,0.8433,1.1070,1.0561,1.3628,0.9743,1.3385,1.2056,1.1999,1.0432,1.1938,0.8886,1.2781,0.9774,1.2653,0.8338,1.0739,1.2705,0.9850,0.8251,1.1270,1.0518,1.4066,1.1937,0.9851,1.3374,1.3047,0.9593,0.9767,1.1240,1.3327,1.3508,1.2369,1.1104,0.8278,0.9851,0.6056,0.9927,1.1454,0.9813,0.9812,1.4197,1.2147,1.0463,1.1253,1.2117,0.9705,1.1963,0.8336,0.6109,1.0529,1.4326,1.2797,0.9873,1.1386,0.9614,1.0522,0.9846,1.3611,1.2626,1.0572,0.9857,0.9804,1.1766,1.2151,0.9713,1.2874,1.4254,0.9850,1.4120,1.1776,1.0659,1.0573,1.3447,1.0705,1.0448,1.0509,0.9798,1.1189,0.9079,1.2419,1.3471,1.1931,1.0456,0.9512,1.1243,1.2301,0.9962,0.9520,0.8296,1.1042,0.9851,0.8215,1.0548,0.9025,1.2813,0.9813,1.2183,0.9849,1.0608,0.9715,1.0606,1.1353,1.2515,1.2110,1.1263,0.9758,1.3557,0.8050,1.0600,0.9848,1.1196,0.9811,0.8535,0.9801
0.8914,1.1455,1.3312,0.9310,0.8646,0.7377,0.9733,1.1115,1.1676,0.9814,1.3121,1.1281,1.2175,1.2298,1.0482,0.9852,1.1372,1.1668,0.9761,1.2419,1.1200,1.1188,1.2560,1.1803,1.0990,1.1693,0.9847,1.2000,1.0581,1.1571,1.1893,1.0864,0.9753,1.2957,1.0752,1.3172,1.1567,1.2474,1.1064,0.9838,1.2936,1.1491,0.9796,1.3024,1.1516,1.3296,0.9825,0.9318,1.0759,1.0472,1.2815,1.0220,1.1070,1.2956,1.1726,1.3859,1.3276,1.3875,1.2501,1.0706,1.1659,1.0737,1.1884,1.2490,1.1224,0.9840,0.9652,1.1789,1.1451,1.1030,0.9750,1.3913,1.2956,1.0194,1.0304,1.1747,1.1635,1.3567,0.8884,1.3271,0.9490,0.8916,1.1721,1.1172,1.0473,1.1631,0.9813,1.0936,1.0434,1.3466,1.1044,1.3225,1.2615,1.1855,1.0306,1.2490,0.9485,1.2628,0.9888,1.2501,0.9688,1.0607,1.3245,1.1023,1.0309,1.2538,1.1804,1.4572,1.2489,1.0352,1.2523,1.2888,1.0177,0.9764,1.1104,1.2479,1.2649,1.2218,1.0970,0.9803,1.0345,0.8179,1.1254,1.2034,0.8984,0.9849,1.4027,1.2002,1.1043,1.2519,1.2678,0.9702,1.3206,0.8963,0.6770,1.1113,1.3460,1.3341,1.1192,1.1250,0.9497,0.9680,1.0253,1.3449,1.2474,1.0445,1.0459,0.9686,1.1623,1.2714,0.9843,1.2720,1.4084,0.9613,1.3951,1.2319,1.0531,1.1160,1.3286,1.1300,1.1725,1.1794,0.9847,1.1754,0.9693,1.2268,1.3998,1.1085,1.1036,0.9396,1.2508,1.2155,0.9843,0.7996,0.9846,1.0908,1.0344,0.9545,1.1133,0.9634,1.3358,0.9850,1.2038,1.1012,1.1906,0.9713,1.2606,1.1217,1.2363,1.1965,1.1833,0.9755,1.2695,0.9786,1.1189,1.0450,1.3142,0.9847,1.0681,0.9839
0.9799,1.1455,1.3152,0.9195,0.9299,0.7292,0.7058,1.0985,1.1538,0.8842,1.2966,1.1145,1.2688,1.2144,1.0352,1.0303,1.1232,1.2157,0.9800,1.2264,1.0402,1.1701,1.1717,1.3029,1.1492,1.2183,0.9840,1.2505,0.9108,1.2103,1.1749,1.0045,0.9840,1.2799,1.0620,1.3013,1.2767,1.2322,1.2307,0.9832,1.2778,1.2020,0.9834,1.3531,1.2046,1.3136,0.9855,1.0559,1.1966,1.1753,1.2658,1.0785,1.0936,1.2798,1.2267,1.3691,1.3115,1.3034,1.3031,1.1907,1.2197,1.1277,1.1740,1.1651,1.1089,1.0138,1.0241,1.2333,1.1977,1.1586,0.9690,1.3745,1.2797,1.0069,1.0874,1.1604,1.1493,1.2743,0.9483,1.3106,1.0068,1.0222,1.1579,1.1037,1.1754,1.2167,0.9715,1.0803,1.0308,1.3305,1.0910,1.3065,1.2463,1.2402,1.0180,1.1652,1.2115,1.3844,0.9770,1.2350,0.9841,1.0475,1.3085,1.1579,1.0184,1.3745,1.1661,1.4396,1.3018,1.0925,1.1682,1.2731,1.0053,0.9759,1.3034,1.1641,1.2497,1.2069,1.0836,0.9797,1.0917,0.8080,1.1823,1.1890,1.0308,0.9752,1.3859,1.3250,1.1600,1.2368,1.2526,0.9802,1.3046,0.9842,0.9702,1.1674,1.3298,1.3861,1.1057,1.2516,1.0075,1.0975,1.2856,1.3974,1.2323,1.0319,1.1038,1.0277,1.1481,1.1862,1.1570,1.3260,1.3915,1.0895,1.3105,1.2840,1.0405,1.3777,1.3126,1.1872,1.1583,1.0957,0.9565,1.2297,1.0289,1.2787,1.3149,1.0951,1.2276,0.8588,1.2357,1.2010,0.9725,0.7898,1.0244,1.0775,1.2293,0.9833,1.0295,1.0923,1.1811,0.9844,1.1894,1.0182,1.3143,0.9811,1.2454,1.1082,1.2213,1.1821,1.1690,0.9798,1.2543,1.0638,1.1054,1.1727,1.2983,1.1670,1.1274,0.9832
0.8866,1.1455,1.2992,1.0419,0.9938,0.8773,0.7734,1.1597,1.1401,0.8743,1.2812,1.1708,1.2532,1.2711,1.0222,1.0173,1.1093,1.2711,0.9799,1.2736,1.0272,1.2191,1.2257,1.2870,1.1455,1.2086,1.0172,1.2350,0.9660,1.1955,1.2291,0.9238,1.1504,1.2642,1.3106,1.2854,1.2610,1.2172,1.2828,1.1338,1.2621,1.2526,1.0705,1.2708,1.3202,1.3647,0.9062,1.1743,1.0495,1.2973,1.2501,1.0653,1.2164,1.1980,1.2785,1.3525,1.2956,1.2875,1.2872,1.1759,1.2047,1.0473,1.1598,1.0823,1.1648,1.0014,1.0807,1.1504,1.2482,1.2120,0.9742,1.3578,1.2640,0.9945,1.3421,1.2808,1.2021,1.3236,1.0060,1.2943,0.9259,1.0097,1.2779,1.1594,1.0919,1.2018,1.1012,1.2016,1.1568,1.3144,1.2135,1.2906,1.2312,1.2252,1.1423,1.2189,1.2625,1.3004,1.1777,1.2200,1.0159,1.0345,1.2926,1.1438,0.9366,1.2910,1.1519,1.3562,1.3523,1.0792,1.2221,1.1917,0.9929,0.9699,1.2875,1.1499,1.2345,1.1256,1.0019,0.9835,1.1467,0.7981,1.2369,1.2439,1.1567,0.9747,1.3691,1.3090,1.1458,1.2217,1.2374,1.0223,1.4212,1.1551,0.9844,1.1532,1.3138,1.3021,1.0225,1.3046,1.0631,1.0148,1.2698,1.3806,1.2173,1.0200,1.1595,1.1532,1.1340,1.1719,1.2103,1.3100,1.4414,1.1444,1.2946,1.2683,1.0981,1.3609,1.2289,1.3105,1.2116,1.0824,1.1528,1.2147,1.0858,1.3282,1.3661,1.0817,1.2795,0.8482,1.2206,1.1866,1.0320,0.7106,1.0119,0.9962,1.3474,1.0700,1.0865,1.1473,1.2356,1.0902,1.3130,1.0058,1.2984,0.9848,1.2981,1.1641,1.2063,1.1678,1.2229,0.9793,1.2391,1.1172,1.0920,1.2268,1.2824,1.2208,1.1844,1.0675
0.9522,1.1455,1.2834,1.0289,0.9820,0.9436,0.6891,1.2186,1.1978,1.0334,1.3357,1.0877,1.2376,1.2711,1.0817,1.0817,1.1600,1.2711,0.9838,1.3328,1.0817,1.2711,1.2107,1.3369,1.1455,1.2711,1.0817,1.1558,1.0839,1.3101,1.2141,1.1131,1.2697,1.2486,1.2942,1.2033,1.2454,1.2023,1.2670,1.1858,1.2465,1.2370,1.2563,1.2551,1.3038,1.3481,0.8282,1.2236,1.1021,1.3477,1.2346,1.1847,1.1346,1.1832,1.2628,1.3359,1.2798,1.2717,1.2715,1.2253,1.2555,1.0998,1.1456,1.0691,1.2185,1.1898,1.2683,1.1363,1.2326,1.3283,1.0034,1.2753,1.2484,1.1158,1.3256,1.1989,1.3175,1.3072,1.0615,1.2781,1.0492,1.2659,1.3275,1.2128,1.0786,1.1870,1.1568,1.2521,1.2100,1.2985,1.1986,1.3407,1.2161,1.2102,1.1283,1.1369,1.3114,1.2174,1.1634,1.2050,1.0035,1.0862,1.3427,1.1964,1.1952,1.2086,1.2050,1.2738,1.3358,1.1335,1.2071,1.1769,1.0476,0.9841,1.2053,1.1358,1.2867,1.1117,1.2561,1.1401,1.1994,0.9981,1.2892,1.2288,1.0745,0.9834,1.2859,1.2255,1.1985,1.2068,1.2224,1.0098,1.3388,1.2749,1.0211,1.2063,1.2979,1.2862,1.0100,1.2887,1.1823,1.0024,1.2542,1.2968,1.2686,1.0763,1.1454,1.0712,1.1200,1.1577,1.1954,1.2941,1.4239,1.1303,1.2788,1.2526,1.1534,1.3443,1.2808,1.2270,1.0627,1.1368,1.2058,1.1329,1.1405,1.3118,1.2832,1.0685,1.2637,0.9722,1.2721,1.2414,1.0195,0.8384,1.0678,1.0511,1.3955,1.2557,1.1412,1.1332,1.2206,1.0769,1.2970,1.1951,1.2825,1.0986,1.2822,1.2178,1.3221,1.1536,1.2079,1.0086,1.2241,1.1684,1.1470,1.2119,1.2667,1.1387,1.1701,1.1872
1.1455,1.1455,1.2014,1.0817,0.9849,0.9325,0.6808,1.2041,1.1834,0.9831,1.1810,1.0744,1.2221,1.2711,1.0817,1.1455,1.1455,1.3328,1.0172,1.3328,1.0817,1.2086,1.1292,1.3205,1.1455,1.2711,1.0817,1.1455,1.1455,1.2938,1.2653,1.2282,1.2541,1.2330,1.2780,1.2540,1.2299,1.1875,1.1860,1.1711,1.2310,1.1577,1.3048,1.2396,1.2876,1.3962,0.9799,1.2711,1.0234,1.1996,1.2191,1.2345,1.1206,1.1685,1.2472,1.3194,1.2641,1.2561,1.3207,1.2724,1.2399,1.1501,1.2643,1.0559,1.2699,1.2398,1.3174,1.1223,1.2172,1.2474,1.1258,1.1938,1.2328,1.1019,1.3092,1.1841,1.3011,1.2909,1.1806,1.2711,1.1017,1.3149,1.3747,1.1979,1.0654,1.1069,1.1426,1.2366,1.2610,1.0795,1.1838,1.3242,1.2674,1.1953,1.1800,1.1228,1.3579,1.2025,1.1492,1.2558,1.0588,1.1455,1.3262,1.2467,1.1804,1.1937,1.1901,1.2581,1.3193,1.0528,1.1922,1.1622,1.1001,1.0155,1.2561,1.1218,1.2710,1.0978,1.1757,1.1925,1.1846,0.9857,1.2734,1.2808,1.0613,0.9337,1.2038,1.2106,1.3135,1.1919,1.2074,0.9974,1.3223,1.1934,1.0775,1.1914,1.2820,1.2704,1.1332,1.2729,1.2319,0.9900,1.2386,1.2810,1.1875,1.0631,1.2641,1.0580,1.1061,1.1435,1.1806,1.2783,1.4065,1.1163,1.2630,1.3010,1.2065,1.2625,1.2651,1.2120,1.0496,1.0559,1.2566,1.0523,1.1929,1.2955,1.2674,1.0553,1.1829,1.0256,1.2565,1.2264,1.0758,1.0290,1.0546,1.0380,1.3783,1.1753,1.1936,1.1192,1.2057,1.0637,1.2143,1.1803,1.3322,1.0853,1.2665,1.1358,1.3057,1.2067,1.1930,1.0643,1.2091,1.2803,1.1329,1.1970,1.2510,1.1910,1.2241,1.1725
1.1455,1.2086,1.2520,1.2086,1.0299,0.9960,0.6726,1.1896,1.2381,1.0922,1.1667,1.1284,1.2086,1.2711,1.2086,1.2086,1.1455,1.3328,1.0172,1.3328,1.2711,1.2086,1.1811,1.3041,1.2086,1.2711,1.2711,1.1455,1.1455,1.2776,1.1844,1.2128,1.2385,1.2176,1.2711,1.2384,1.2144,1.2374,1.1712,1.2833,1.2784,1.1455,1.3511,1.2241,1.3331,1.3789,0.9799,1.2711,1.0172,1.1848,1.1455,1.2191,1.1719,1.0896,1.2317,1.3030,1.2485,1.1757,1.2402,1.2711,1.2877,1.1455,1.2487,1.0428,1.2543,1.2243,1.3010,1.1084,1.2711,1.2319,1.1119,1.1133,1.2174,1.1523,1.3557,1.1043,1.2849,1.2748,1.2301,1.3328,1.0879,1.2986,1.3576,1.2483,1.0522,1.0931,1.1952,1.2211,1.2454,1.1338,1.1691,1.3078,1.2518,1.1147,1.1654,1.1743,1.3409,1.2531,1.1351,1.2402,1.0457,1.1455,1.3098,1.2312,1.1008,1.1790,1.1753,1.2425,1.3029,1.0397,1.1775,1.1476,1.1503,1.0715,1.2405,1.0419,1.2553,1.0194,1.1610,1.1777,1.2344,1.1059,1.2577,1.2650,1.1145,0.9914,1.1890,1.1957,1.2972,1.1771,1.2583,1.0524,1.3059,1.1786,1.0643,1.1766,1.2663,1.1892,1.1192,1.2572,1.2165,0.9777,1.2864,1.2653,1.1728,1.1823,1.3130,1.1111,1.0923,1.1294,1.1659,1.2626,1.3892,1.0367,1.1823,1.2847,1.1917,1.2469,1.1842,1.1971,1.0365,0.9761,1.1762,1.1702,1.1781,1.2164,1.1864,1.1736,1.2326,1.0817,1.2409,1.2114,1.1966,1.0172,0.9812,1.0900,1.3611,1.1606,1.1788,1.1053,1.1908,1.0505,1.1993,1.2298,1.3158,1.0720,1.2509,1.1880,1.2895,1.1254,1.1783,1.0511,1.3252,1.2711,1.1189,1.1822,1.2355,1.1107,1.2758,1.0933
1.1455,1.2086,1.3003,1.2086,1.0174,1.0569,0.8088,1.2446,1.2905,0.9992,1.0838,1.1144,1.0817,1.3328,1.2711,1.2086,1.2086,1.3328,1.0817,1.3328,1.2711,1.2086,1.1014,1.2878,1.2086,1.3328,1.2711,1.2086,1.1455,1.2711,1.1045,1.2086,1.2230,1.2086,1.2086,1.2861,1.2086,1.2219,1.2204,1.2086,1.2711,1.2086,1.3342,1.2087,1.3328,1.3618,1.0817,1.2711,1.0817,1.1701,1.1455,1.2711,1.2211,1.0817,1.2791,1.2868,1.2966,1.0963,1.2247,1.2711,1.2090,1.2086,1.2332,1.0298,1.2387,1.2089,1.2848,1.1591,1.3328,1.2794,1.0980,1.0994,1.2711,1.2086,1.3387,1.0904,1.2711,1.2711,1.2147,1.3328,1.0817,1.2823,1.2785,1.2327,1.1049,1.0817,1.2454,1.2086,1.2935,1.1198,1.0901,1.3542,1.2362,1.1658,1.1507,1.1597,1.3328,1.2376,1.1211,1.2247,1.0326,1.1455,1.1657,1.2158,1.1511,1.0994,1.2247,1.2270,1.2867,1.0267,1.1628,1.2086,1.1455,1.1254,1.2250,0.9631,1.1750,1.0817,1.1464,1.1631,1.1553,1.0920,1.2421,1.2494,1.1656,0.9854,1.1742,1.1809,1.2809,1.1624,1.3069,1.1703,1.2896,1.2281,1.1177,1.1620,1.2507,1.1090,1.1705,1.2417,1.2086,1.0315,1.2711,1.2496,1.1581,1.1676,1.2966,1.0319,1.0817,1.1813,1.2148,1.2470,1.3720,1.0238,1.1675,1.2711,1.2418,1.1671,1.1695,1.1823,1.0884,0.9845,1.1615,1.1556,1.1634,1.2086,1.1064,1.0944,1.2171,1.0817,1.2254,1.1965,1.2469,1.0172,0.9845,1.2086,1.3441,1.1461,1.2283,1.2196,1.1105,1.0375,1.1845,1.2144,1.2356,1.1258,1.1708,1.1732,1.2733,1.1115,1.2277,1.0380,1.3087,1.2711,1.0392,1.1674,1.2201,1.0968,1.3252,1.0817
1.2086,1.2086,1.2841,1.2711,1.0736,1.1862,0.8696,1.2295,1.2747,0.9877,1.0706,1.1006,1.0172,1.2711,1.2711,1.2711,1.2086,1.3328,1.0817,1.3328,1.2086,1.2711,1.1517,1.3334,1.3328,1.3328,1.3328,1.2711,1.1455,1.2711,1.0907,1.2086,1.2086,1.1455,1.2086,1.2086,1.2086,1.2086,1.2086,1.2086,1.2711,1.2711,1.3328,1.1455,1.3328,1.3448,1.0817,1.2711,1.0817,1.1554,1.1455,1.2711,1.2086,1.0172,1.2711,1.2086,1.2804,1.0826,1.2093,1.2711,1.2086,1.1455,1.2178,1.0817,1.2864,1.2086,1.2711,1.1455,1.2711,1.2711,1.0842,1.1497,1.3328,1.2086,1.3328,1.0817,1.2711,1.2086,1.2711,1.3328,1.1455,1.2711,1.2711,1.2802,1.0911,1.0817,1.1657,1.2086,1.2772,1.1059,1.1455,1.3372,1.2839,1.1512,1.1455,1.1455,1.3328,1.2221,1.1725,1.0823,1.1482,1.1455,1.1511,1.2711,1.1455,1.0856,1.2093,1.2116,1.2086,1.0172,1.1482,1.2086,1.2086,1.1114,1.0826,1.0172,1.1603,1.0172,1.1455,1.2118,1.1455,1.0172,1.2267,1.2339,1.1510,0.9847,1.1595,1.1662,1.2711,1.2737,1.2272,1.2194,1.2734,1.2127,1.1690,1.2106,1.2351,1.0952,1.1559,1.2262,1.2711,1.0186,1.2711,1.2341,1.2086,1.1530,1.2804,1.1474,1.1455,1.2309,1.2086,1.1671,1.3549,1.0817,1.1529,1.2711,1.2263,1.1524,1.2185,1.1676,1.0817,0.9522,1.1469,1.1455,1.1488,1.2711,1.0925,1.0817,1.2086,1.0817,1.2100,1.2468,1.2314,1.0172,1.0821,1.2086,1.3328,1.2086,1.2129,1.2086,1.0967,1.0894,1.1698,1.2711,1.2201,1.1775,1.2199,1.1586,1.2711,1.0976,1.2123,1.0250,1.2289,1.2711,1.1555,1.0886,1.1455,1.0831,1.3088,1.0172
1.2086,1.2086,1.2711,1.3328,1.1275,1.2411,0.9968,1.2145,1.2590,1.2105,1.0574,1.0868,1.1455,1.2711,1.2711,1.2711,1.2711,1.3328,1.1455,1.3328,1.1455,1.2711,1.1455,1.3328,1.3328,1.3328,1.3328,1.2711,1.2711,1.2711,1.0817,1.0817,1.2086,1.1455,1.2086,1.1455,1.2711,1.2086,1.2086,1.1455,1.2711,1.2711,1.3328,1.1455,1.3328,1.3328,1.1455,1.3328,1.0817,1.2086,1.1455,1.2711,1.1455,1.0172,1.2711,1.2086,1.2711,1.0172,1.2086,1.2711,1.2086,1.1455,1.2711,1.0817,1.2086,1.2711,1.3328,1.1455,1.2711,1.2711,1.0817,1.1455,1.3328,1.2711,1.3328,1.0817,1.2711,1.2086,1.2711,1.3328,1.2086,1.2086,1.2711,1.2711,1.0817,1.2086,1.1511,1.2086,1.2711,1.0921,1.1455,1.2711,1.2711,1.2086,1.1455,1.1455,1.3328,1.0817,1.1578,1.0817,1.1455,1.1455,1.1455,1.2711,1.1455,1.0172,1.2086,1.1455,1.2711,1.1455,1.2086,1.2711,1.2086,1.1623,1.0817,1.0172,1.2089,1.0817,0.9522,1.2086,1.1455,1.0172,1.2113,1.2814,1.1455,1.0204,1.1455,1.2150,1.2711,1.2711,1.2118,1.2086,1.2086,1.2086,1.1543,1.2086,1.2197,1.0817,1.2086,1.2733,1.2711,1.1455,1.2711,1.2186,1.2711,1.0817,1.2711,1.2086,1.0172,1.2155,1.1455,1.1525,1.3379,1.1455,1.1455,1.2711,1.2109,1.1455,1.1455,1.1529,1.0172,1.0172,1.1455,1.1455,1.2086,1.2711,1.0172,1.1455,1.1455,1.1455,1.2711,1.2313,1.1525,1.2086,1.1455,1.1455,1.2711,1.1455,1.2086,1.2086,1.0829,1.0817,1.2188,1.2711,1.2086,1.1628,1.1455,1.0172,1.3328,1.0838,1.2086,1.0172,1.2135,1.2711,1.1455,1.2086,1.1455,1.2086,1.2925,1.0817
1.2711,1.2086,1.2711,1.3328,1.1793,1.2260,1.0517,1.1996,1.2434,1.2723,1.0442,1.0817,1.1455,1.2711,1.2711,1.2711,1.2711,1.3328,1.1455,1.2711,1.1455,1.2711,1.1455,1.3328,1.2711,1.3328,1.2711,1.2711,1.2711,1.3328,1.0817,1.0817,1.2711,1.1455,1.1455,1.1455,1.2711,1.2086,1.2086,1.1455,1.2711,1.2711,1.3328,1.0817,1.3328,1.3328,1.1455,1.3328,1.1455,1.0817,1.1455,1.2711,1.1455,1.0172,1.2711,1.1455,1.1455,1.0172,1.2086,1.2711,1.2086,1.2086,1.2086,1.0817,1.2086,1.2711,1.3328,1.1455,1.2711,1.2711,1.1455,1.1455,1.3328,1.2711,1.3328,1.0817,1.2711,1.2086,1.2711,1.2711,1.2086,1.2086,1.2711,1.2711,1.1455,1.2711,1.1455,1.2086,1.2711,1.0817,1.2086,1.2711,1.3328,1.2086,1.2086,1.2086,1.3328,1.0817,1.2086,1.0817,1.2086,1.1455,1.1455,1.2711,1.1455,1.0172,1.2086,1.1455,1.2711,1.2086,1.1455,1.2711,1.2086,1.1477,1.0817,1.0172,1.2086,1.0817,0.9522,1.2086,1.1455,1.0817,1.1455,1.3328,1.1455,0.9522,1.2086,1.1455,1.2711,1.2711,1.2086,1.2086,1.2086,1.1455,1.1455,1.1455,1.2086,1.1455,1.2086,1.2086,1.2711,1.1455,1.2711,1.2086,1.2711,1.0817,1.2086,1.2086,1.0172,1.2086,1.1455,1.1455,1.3328,1.1455,1.1455,1.2711,1.2086,1.2086,1.1455,1.2086,1.0172,1.0817,1.1455,1.2086,1.2086,1.2711,1.0172,1.1455,1.1455,1.1455,1.2711,1.2159,1.1455,1.2086,1.2086,1.1455,1.2711,1.1455,1.2086,1.2086,1.0817,1.0817,1.2086,1.2711,1.2711,1.2741,1.2086,1.0172,1.3328,1.0817,1.1455,1.0817,1.2086,1.2711,1.1455,1.1455,1.0817,1.2086,1.2136,1.1455
1.2711,1.2086,1.2086,1.3328,1.1646,1.2778,1.1695,1.1848,1.2279,1.3316,1.0312,1.1455,1.1455,1.2711,1.2711,1.2711,1.3328,1.3328,1.1455,1.2086,1.1455,1.2711,1.1455,1.3328,1.2711,1.3328,1.2711,1.2711,1.3328,1.3328,1.1455,1.0172,1.2711,1.2086,1.1455,1.1455,1.2711,1.2086,1.2086,1.1455,1.2711,1.2086,1.3328,1.0817,1.3328,1.3328,1.2086,1.3328,1.2086,1.0172,1.2086,1.3328,1.1455,1.0172,1.2711,1.0817,1.0817,1.0172,1.2086,1.2711,1.2711,1.2711,1.2086,1.0817,1.2086,1.3328,1.3328,1.2711,1.2711,1.2711,1.1455,1.1455,1.3328,1.3328,1.3328,1.1455,1.2711,1.2086,1.2711,1.2711,1.2086,1.2086,1.2711,1.2086,1.1455,1.2711,1.1455,1.2086,1.2711,1.0817,1.2086,1.2711,1.2711,1.1455,1.2086,1.2086,1.3328,1.0817,1.2086,1.0817,1.2086,1.2086,1.1455,1.2711,1.1455,1.0172,1.2086,1.1455,1.2711,1.1455,1.2086,1.2711,1.2711,1.3328,1.0817,1.0817,1.2086,1.0817,0.9522,1.2086,1.2086,1.0817,1.1455,1.2711,1.1455,0.9522,1.2086,1.1455,1.2711,1.2711,1.2086,1.2086,1.2711,1.2086,1.2086,1.2086,1.1455,1.1455,1.2086,1.2086,1.2086,1.2086,1.2711,1.2086,1.2711,1.0817,1.2086,1.2086,1.0817,1.2086,1.0817,1.2086,1.3328,1.2086,1.1455,1.3328,1.2086,1.2086,1.1455,1.2086,1.0172,1.0817,1.2086,1.2086,1.2086,1.2711,1.0172,1.1455,1.1455,1.2086,1.2086,1.2086,1.0817,1.1455,1.2086,1.2086,1.2711,1.1455,1.2086,1.2086,1.0817,1.0817,1.2086,1.2086,1.2086,1.3328,1.2086,1.0172,1.3328,1.0172,1.1455,1.1455,1.1455,1.3328,1.1455,1.1455,1.0817,1.2086,1.2086,1.1455
1.2711,1.2711,1.2086,1.3328,1.1500,1.3273,1.2816,1.1701,1.2751,1.3885,0.9532,1.1455,1.1455,1.2711,1.2711,1.3328,1.3328,1.2711,1.2711,1.2086,1.1455,1.3328,1.1455,1.3328,1.2711,1.3328,1.2086,1.2711,1.3328,1.3328,1.1455,1.1455,1.3328,1.1455,1.1455,1.1455,1.2711,1.1455,1.2711,1.2086,1.3328,1.2086,1.2711,1.0817,1.2711,1.3328,1.2711,1.3328,1.2711,1.0172,1.2086,1.3328,1.1455,1.0172,1.2711,1.0172,1.1455,1.0172,1.2086,1.3328,1.2086,1.2711,1.2086,1.2086,1.2711,1.3328,1.3328,1.2711,1.2711,1.2086,1.2086,1.0817,1.2711,1.3328,1.3328,1.1455,1.2086,1.2711,1.3328,1.2711,1.2086,1.2086,1.2711,1.2711,1.2086,1.2711,1.1455,1.2711,1.2711,1.0172,1.2086,1.2711,1.2711,1.1455,1.2711,1.2711,1.3328,1.0817,1.2086,1.0817,1.2086,1.2086,1.1455,1.1455,1.1455,0.9522,1.2086,1.1455,1.2711,1.2086,1.2086,1.2086,1.2086,1.3328,1.0172,1.0817,1.2711,1.1455,0.9522,1.2086,1.2086,1.1455,1.2086,1.2711,1.1455,1.0172,1.2086,1.2086,1.2711,1.2711,1.2086,1.2711,1.2711,1.2086,1.2086,1.2086,1.1455,1.0817,1.1455,1.2086,1.2086,1.0817,1.2711,1.2086,1.2711,1.1455,1.2711,1.2086,1.0817,1.1455,1.1455,1.2086,1.3328,1.1455,1.0817,1.2711,1.2711,1.1455,1.1455,1.2086,1.0172,1.1455,1.2086,1.2086,1.2711,1.2711,0.9522,1.2086,1.1455,1.2711,1.2086,1.2086,1.0817,1.2711,1.2086,1.2086,1.2711,1.1455,1.2711,1.2086,1.1455,1.0817,1.3328,1.2711,1.2086,1.3328,1.2086,1.0817,1.3328,1.0817,1.1455,1.1455,1.2086,1.3328,1.1455,1.2086,1.0817,1.2711,1.2086,1.2086
1.2711,1.2711,1.1455,1.2711,1.1455,1.3108,1.2711,1.1554,1.2711,1.4431,0.9522,1.0817,1.1455,1.2711,1.2086,1.3328,1.3328,1.2711,1.2711,1.2086,1.0172,1.3328,1.2086,1.3328,1.2711,1.2711,1.2086,1.3328,1.3328,1.3328,1.2086,1.0817,1.3328,1.1455,1.1455,1.1455,1.3328,1.1455,1.2711,1.2086,1.3328,1.2086,1.2711,1.1455,1.2711,1.3328,1.2711,1.3328,1.2711,1.0817,1.1455,1.3328,1.1455,1.0817,1.2711,1.0172,1.1455,1.1455,1.2086,1.3328,1.2086,1.2086,1.2711,1.1455,1.2711,1.3328,1.3328,1.2711,1.2711,1.2086,1.2086,1.0817,1.2086,1.3328,1.3328,1.1455,1.1455,1.2711,1.2711,1.2711,1.2086,1.2086,1.2711,1.2711,1.2086,1.2711,1.1455,1.2086,1.2711,1.0817,1.2711,1.2711,1.2711,1.1455,1.3328,1.2711,1.3328,1.0817,1.2086,1.1455,1.2086,1.2086,1.0817,1.1455,1.2711,1.0172,1.2086,1.0817,1.2711,1.2711,1.2086,1.2711,1.2711,1.3328,1.0172,1.0817,1.2711,1.2086,1.0817,1.2086,1.2086,1.1455,1.2086,1.2711,1.1455,1.1455,1.0817,1.1455,1.2711,1.2711,1.1455,1.2711,1.2086,1.2086,1.2086,1.2086,1.2086,1.0817,1.2086,1.2086,1.2711,1.0817,1.2711,1.2086,1.2711,1.2086,1.2711,1.2086,1.1455,1.2711,1.2086,1.2086,1.3328,1.1455,1.1455,1.2711,1.2711,1.1455,1.1455,1.1455,1.1455,1.2086,1.2086,1.2086,1.2711,1.2711,0.9522,1.2711,1.1455,1.2711,1.2086,1.2711,1.0817,1.2711,1.2086,1.2711,1.2711,1.1455,1.3328,1.2086,1.2711,1.0172,1.3328,1.2086,1.2086,1.2711,1.2086,1.0817,1.3328,1.0817,1.1455,1.2086,1.2086,1.3328,1.0817,1.2086,1.1455,1.2711,1.2086,1.2086
1.2711,1.2711,1.1455,1.2711,1.1455,1.2309,1.3328,1.1455,1.3328,1.4259,1.0172,1.1455,1.1455,1.2711,1.2086,1.3328,1.3328,1.2711,1.2711,1.2086,1.0172,1.3328,1.2711,1.3328,1.2086,1.2711,1.1455,1.3328,1.3328,1.3328,1.2086,1.0817,1.3328,1.1455,1.2086,1.2086,1.2711,1.2086,1.2711,1.2086,1.3328,1.2711,1.2711,1.1455,1.2086,1.3328,1.3328,1.3328,1.3328,1.0817,1.1455,1.3328,1.1455,1.1455,1.2086,1.0172,1.0817,1.1455,1.1455,1.3328,1.2086,1.1455,1.2086,1.2086,1.2711,1.3328,1.3328,1.2086,1.2086,1.2086,1.2086,1.0817,1.2086,1.3328,1.3328,1.2086,1.1455,1.2711,1.2711,1.2711,1.2086,1.2086,1.2711,1.2711,1.2086,1.2711,1.1455,1.2711,1.2711,1.0817,1.2711,1.2711,1.2711,1.1455,1.3328,1.2711,1.3328,1.1455,1.2086,1.1455,1.2711,1.2086,1.0817,1.1455,1.2086,1.0817,1.2711,1.1455,1.2711,1.2711,1.2086,1.2711,1.2711,1.3328,1.0817,1.0817,1.2711,1.2086,1.0817,1.1455,1.2711,1.1455,1.2086,1.2711,1.1455,1.2086,1.0817,1.0817,1.2711,1.2086,1.0817,1.2711,1.2086,1.2086,1.2086,1.2086,1.2086,1.0817,1.2711,1.2086,1.2711,1.1455,1.2711,1.1455,1.1455,1.2086,1.2086,1.2086,1.1455,1.2711,1.1455,1.2086,1.3328,1.1455,1.0817,1.2711,1.2711,1.1455,1.1455,1.1455,1.2711,1.2086,1.2711,1.2086,1.2711,1.1455,0.9522,1.2711,1.2086,1.2711,1.2086,1.2086,1.1455,1.2711,1.2711,1.2711,1.2711,1.1455,1.3328,1.2711,1.2711,1.0817,1.3328,1.2086,1.1455,1.2086,1.2086,1.0817,1.3328,1.0817,1.2086,1.2086,1.2086,1.3328,1.1455,1.1455,1.1455,1.2711,1.2711,1.2086
1.2711,1.3328,1.1455,1.2711,1.1455,1.2155,1.3328,1.2711,1.3328,1.3397,1.0172,1.1455,1.0817,1.2711,1.1455,1.3328,1.3328,1.2711,1.2711,1.2086,1.0172,1.2711,1.2711,1.3328,1.2086,1.2711,1.1455,1.3328,1.3328,1.3328,1.2086,1.0817,1.3328,1.0817,1.2086,1.2086,1.2711,1.2086,1.2711,1.2086,1.3328,1.2711,1.2711,1.1455,1.2086,1.2711,1.2086,1.3328,1.3328,1.0817,1.2086,1.3328,1.2086,1.2711,1.2086,1.0172,1.0817,1.1455,1.2086,1.3328,1.2086,1.1455,1.2086,1.2086,1.2711,1.3328,1.3328,1.2086,1.2086,1.2711,1.2086,1.1455,1.2086,1.2711,1.3328,1.1455,1.0172,1.2711,1.2711,1.2711,1.2086,1.2086,1.2086,1.2711,1.1455,1.2711,1.1455,1.2711,1.2711,1.0817,1.2711,1.2711,1.2086,1.1455,1.3328,1.2711,1.3328,1.2086,1.2086,1.1455,1.3328,1.2711,1.0817,1.1455,1.2086,1.0817,1.2086,1.1455,1.2711,1.2711,1.2086,1.2711,1.2711,1.2711,1.0817,1.1455,1.2711,1.2086,1.1455,1.2086,1.2711,1.1455,1.2086,1.2711,1.1455,1.2086,1.0817,1.1455,1.2711,1.2086,1.1455,1.2086,1.0817,1.2086,1.2711,1.1455,1.2086,1.1455,1.2086,1.1455,1.2711,1.1455,1.2711,1.2086,1.1455,1.2086,1.2086,1.1455,1.1455,1.2711,1.1455,1.2086,1.3328,1.1455,1.0172,1.2711,1.2711,1.1455,1.1455,1.2086,1.2711,1.2086,1.2711,1.2711,1.2711,1.1455,1.0172,1.2711,1.2086,1.3328,1.2086,1.1455,1.1455,1.2086,1.2711,1.2711,1.2711,1.2086,1.3328,1.2711,1.2711,1.0817,1.2711,1.2086,1.0172,1.2086,1.2086,1.0817,1.3328,1.0817,1.2086,1.2086,1.2711,1.3328,1.1455,1.2086,1.1455,1.2086,1.2711,1.2086
1.2711,1.3328,1.1455,1.2711,1.1455,1.2711,1.3328,1.2711,1.3328,1.3236,1.0172,1.1455,1.1455,1.3328,1.1455,1.2711,1.3328,1.2711,1.3328,1.2086,1.0172,1.2711,1.2711,1.3328,1.2086,1.2711,1.1455,1.3328,1.3328,1.3328,1.2086,1.0817,1.2711,1.0817,1.2711,1.2086,1.2711,1.2086,1.2711,1.2086,1.2711,1.2711,1.2711,1.1455,1.2086,1.2711,1.2086,1.2711,1.3328,1.0817,1.2711,1.2711,1.2711,1.2711,1.1455,1.0817,1.0817,1.0817,1.2086,1.3328,1.2086,1.1455,1.2086,1.1455,1.2711,1.3328,1.2711,1.2086,1.2086,1.2711,1.2711,1.1455,1.1455,1.2711,1.3328,1.2086,1.0172,1.2086,1.2711,1.2711,1.2086,1.2086,1.2086,1.2711,1.2086,1.3328,1.2086,1.2711,1.2711,1.1455,1.2711,1.2711,1.2086,1.1455,1.2711,1.2711,1.3328,1.2086,1.2086,1.2086,1.3328,1.3328,1.1455,1.1455,1.2711,1.0172,1.2086,1.0817,1.2086,1.2711,1.2086,1.2711,1.2711,1.2711,1.0817,1.1455,1.2086,1.2086,1.2711,1.2086,1.3328,1.2086,1.2086,1.2711,1.2711,1.2086,1.2086,1.0817,1.2711,1.2086,1.2086,1.2086,1.0817,1.2711,1.2711,1.0817,1.2086,1.1455,1.2086,1.1455,1.2086,1.1455,1.2086,1.2086,1.2086,1.2086,1.2086,1.2086,1.1455,1.2711,1.1455,1.0817,1.3328,1.1455,1.0172,1.2711,1.2711,1.1455,1.1455,1.2711,1.2711,1.2086,1.2086,1.3328,1.2711,1.2086,1.0172,1.2711,1.2711,1.3328,1.2086,1.1455,1.2086,1.2086,1.2711,1.2711,1.3328,1.2086,1.3328,1.2711,1.2711,1.1455,1.2711,1.1455,1.0172,1.1455,1.1455,1.0817,1.3328,1.0817,1.2086,1.2086,1.2711,1.3328,1.1455,1.1455,1.1455,1.2086,1.2086,1.2711
1.3328,1.3328,1.2086,1.2711,1.1455,1.2711,1.3328,1.2711,1.3328,1.3076,1.1455,1.0817,1.2086,1.3328,1.1455,1.2711,1.3328,1.2086,1.3328,1.2086,1.1455,1.2086,1.3328,1.3328,1.2086,1.2711,1.1455,1.3328,1.3328,1.3328,1.2086,1.0817,1.2711,1.0817,1.2711,1.2086,1.2711,1.2086,1.1455,1.2086,1.2711,1.2711,1.2711,1.2086,1.1455,1.2711,1.2086,1.2711,1.3328,1.1455,1.2086,1.2711,1.2711,1.2711,1.0817,1.0172,1.0172,1.0817,1.2711,1.2711,1.2086,1.2086,1.1455,1.1455,1.3328,1.3328,1.2711,1.2086,1.2086,1.2086,1.2711,1.2711,1.1455,1.2711,1.3328,1.2711,1.0172,1.1455,1.2711,1.2711,1.2086,1.1455,1.2086,1.2711,1.2086,1.2711,1.1455,1.1455,1.0817,1.2711,1.2086,1.2711,1.2086,1.1455,1.2711,1.2711,1.3328,1.1455,1.1455,1.2086,1.3328,1.3328,1.1455,1.1455,1.2711,1.0817,1.2086,1.0817,1.2086,1.2711,1.2086,1.2711,1.2711,1.2711,1.0817,1.2086,1.2086,1.2711,1.2711,1.2711,1.3328,1.2086,1.2711,1.2086,1.2711,1.2711,1.1455,1.0817,1.3328,1.2086,1.2086,1.2086,1.0817,1.2086,1.3328,1.0172,1.1455,1.1455,1.2086,1.0817,1.1455,1.1455,1.2086,1.1455,1.2086,1.2711,1.1455,1.2086,1.1455,1.2711,1.1455,1.0817,1.3328,1.2086,1.0172,1.2086,1.3328,1.1455,1.1455,1.2711,1.2711,1.2711,1.1455,1.2711,1.3328,1.1455,1.0172,1.2711,1.2086,1.3328,1.2711,1.1455,1.2711,1.2086,1.3328,1.2711,1.2711,1.2086,1.3328,1.2711,1.2086,1.2086,1.2086,1.1455,1.0172,1.1455,1.0817,1.1455,1.3328,1.0817,1.2711,1.2086,1.2086,1.2711,1.1455,1.0817,1.1455,1.2711,1.1455,1.2711
1.3328,1.3328,1.2086,1.1455,1.1455,1.2711,1.3328,1.2711,1.3328,1.3585,1.1455,1.0817,1.2711,1.3328,1.1455,1.2711,1.3328,1.2086,1.3328,1.2711,1.1455,1.2086,1.3328,1.2711,1.2711,1.2711,1.2086,1.3328,1.3328,1.3328,1.2711,1.1455,1.2086,1.1455,1.2711,1.2086,1.2086,1.1455,1.1455,1.2086,1.2711,1.2711,1.2711,1.2711,1.1455,1.2711,1.2086,1.2086,1.3328,1.1455,1.2086,1.2711,1.2711,1.3328,1.0817,1.0172,1.0817,1.1455,1.2711,1.2711,1.2711,1.2086,1.2086,1.1455,1.2711,1.3328,1.2711,1.2086,1.2711,1.2086,1.2711,1.2711,1.1455,1.2711,1.2086,1.2711,0.9522,1.2086,1.2711,1.2711,1.2711,1.1455,1.2086,1.2711,1.1455,1.2711,1.1455,1.1455,1.0817,1.2086,1.2086,1.2711,1.2086,1.3328,1.2711,1.2711,1.2711,1.1455,1.1455,1.2086,1.3328,1.3328,1.1455,1.1455,1.2711,1.0817,1.2086,1.0817,1.2086,1.2711,1.2086,1.2711,1.2086,1.2711,1.0817,1.2711,1.2086,1.2711,1.2711,1.2711,1.2711,1.2086,1.2711,1.2711,1.2711,1.2711,1.1455,1.0817,1.3328,1.2086,1.2086,1.1455,1.0172,1.2086,1.3328,1.0172,1.1455,1.0817,1.2086,1.1455,1.1455,1.2086,1.2086,1.0817,1.2086,1.2711,1.1455,1.2086,1.2086,1.2711,1.2086,1.0817,1.2711,1.2086,1.0172,1.2086,1.3328,1.1455,1.2086,1.2711,1.2711,1.2711,1.1455,1.2711,1.3328,1.0817,1.0817,1.3328,1.2086,1.3328,1.2711,1.1455,1.2711,1.2086,1.3328,1.2711,1.2711,1.2711,1.3328,1.2711,1.2086,1.2086,1.1455,1.1455,1.0817,1.1455,1.0817,1.1455,1.3328,1.2086,1.2711,1.2086,1.2086,1.2711,1.1455,1.0817,1.1455,1.2711,1.0817,1.3328
